,playerId,shirtNo,name,position,height,weight,age,isFirstEleven,isManOfTheMatch,field,stats,subbedInPlayerId,subbedOutPeriod,subbedOutExpandedMinute,subbedInPeriod,subbedInExpandedMinute,subbedOutPlayerId,teamId
0,362151,1,Robert Sánchez,GK,197,90,26,True,False,home,"{'totalSaves': {'36': 1.0, '39': 1.0, '57': 1.0}, 'parriedSafe': {'36': 1.0, '39': 1.0, '57': 1.0}, 'claimsHigh': {'2': 1.0}, 'possession': {'0': 1.0, '1': 2.0, '2': 1.0, '4': 1.0, '6': 1.0, '8': 1.0, '11': 1.0, '15': 2.0, '22': 1.0, '23': 1.0, '30': 2.0, '31': 2.0, '32': 1.0, '52': 1.0, '59': 1.0, '60': 2.0, '61': 1.0, '72': 1.0, '73': 1.0, '78': 1.0, '80': 2.0, '89': 2.0}, 'ratings': {'0': 6.01, '1': 5.99, '2': 6.1, '4': 6.1, '6': 6.09, '8': 6.12, '11': 6.13, '15': 6.12, '17': 5.86, '22': 5.86, '23': 5.86, '30': 5.87, '31': 5.87, '32': 5.87, '36': 6.14, '39': 6.51, '52': 6.5, '57': 6.87, '59': 6.88, '60': 6.88, '61': 6.89, '72': 6.88, '73': 6.88, '78': 6.89, '80': 6.89, '89': 6.5}, 'touches': {'0': 1.0, '1': 2.0, '2': 2.0, '4': 1.0, '6': 1.0, '8': 2.0, '11': 1.0, '15': 2.0, '22': 1.0, '23': 1.0, '30': 2.0, '31': 2.0, '32': 1.0, '36': 1.0, '39': 1.0, '52': 1.0, '57': 1.0, '59': 1.0, '60': 2.0, '61': 1.0, '72': 1.0, '73': 1.0, '78': 1.0, '80': 2.0, '89': 2.0}, 'passesTotal': {'1': 2.0, '4': 1.0, '8': 1.0, '11': 1.0, '22': 1.0, '23': 1.0, '30': 2.0, '31': 2.0, '32': 1.0, '59': 1.0, '60': 2.0, '61': 1.0, '73': 1.0, '78': 1.0, '80': 2.0, '89': 1.0, '6': 1.0, '15': 1.0, '52': 1.0, '72': 1.0}, 'passesAccurate': {'1': 1.0, '4': 1.0, '8': 1.0, '11': 1.0, '22': 1.0, '23': 1.0, '30': 2.0, '31': 2.0, '32': 1.0, '59': 1.0, '60': 2.0, '61': 1.0, '73': 1.0, '78': 1.0, '80': 2.0, '89': 1.0}, 'passSuccess': {'1': 50.0, '4': 100.0, '8': 100.0, '11': 100.0, '22': 100.0, '23': 100.0, '30': 100.0, '31': 100.0, '32': 100.0, '59': 100.0, '60': 100.0, '61': 100.0, '73': 100.0, '78': 100.0, '80': 100.0, '89': 100.0, '6': 0.0, '15': 0.0, '52': 0.0, '72': 0.0}}",,,,,,,15
1,403850,27,Malo Gusto,DR,179,67,21,True,False,home,"{'possession': {'1': 1.0, '4': 1.0, '8': 1.0, '9': 1.0, '11': 1.0, '13': 2.0, '20': 1.0, '22': 1.0, '23': 1.0, '24': 2.0, '26': 1.0, '28': 1.0, '31': 2.0, '32': 2.0, '36': 1.0, '46': 1.0, '50': 1.0, '52': 1.0, '55': 1.0, '66': 1.0, '76': 1.0, '78': 2.0, '82': 2.0, '83': 2.0, '89': 1.0, '92': 2.0, '97': 1.0, '100': 1.0}, 'ratings': {'0': 6.0, '1': 6.0, '4': 5.97, '8': 5.96, '9': 5.97, '11': 5.97, '13': 6.13, '17': 6.01, '20': 6.01, '22': 6.02, '23': 6.02, '24': 6.01, '26': 6.01, '28': 6.02, '31': 6.02, '32': 6.03, '36': 5.68, '46': 5.68, '47': 5.65, '50': 5.65, '52': 5.65, '55': 5.65, '56': 5.75, '65': 5.73, '66': 5.72, '74': 5.73, '76': 5.7, '78': 5.71, '82': 5.79, '83': 5.8, '86': 5.76, '89': 5.6, '92': 5.6, '95': 5.57, '97': 5.56, '99': 5.78, '100': 5.77}, 'clearances': {'17': 1.0}, 'touches': {'1': 1.0, '2': 1.0, '4': 3.0, '8': 1.0, '9': 1.0, '11': 1.0, '13': 3.0, '17': 1.0, '20': 1.0, '22': 1.0, '23': 3.0, '24': 2.0, '26': 1.0, '28': 1.0, '31': 2.0, '32': 3.0, '36': 1.0, '46': 1.0, '50': 1.0, '52': 1.0, '55': 1.0, '56': 1.0, '58': 1.0, '61': 1.0, '66': 1.0, '67': 1.0, '74': 1.0, '76': 1.0, '77': 1.0, '78': 2.0, '82': 3.0, '83': 2.0, '89': 1.0, '92': 2.0, '97': 2.0, '99': 2.0, '100': 1.0}, 'passesTotal': {'1': 1.0, '4': 1.0, '9': 1.0, '11': 1.0, '13': 2.0, '20': 1.0, '22': 1.0, '23': 1.0, '24': 2.0, '26': 1.0, '28': 1.0, '31': 2.0, '32': 2.0, '46': 1.0, '50': 1.0, '52': 1.0, '76': 1.0, '78': 2.0, '82': 2.0, '83': 2.0, '89': 1.0, '92': 2.0, '36': 1.0, '55': 1.0}, 'passesAccurate': {'1': 1.0, '4': 1.0, '9': 1.0, '11': 1.0, '13': 1.0, '20': 1.0, '22': 1.0, '23': 1.0, '24': 2.0, '26': 1.0, '28': 1.0, '31': 2.0, '32': 2.0, '46': 1.0, '50': 1.0, '52': 1.0, '76': 1.0, '78': 2.0, '82': 1.0, '83': 2.0, '89': 1.0, '92': 2.0}, 'passSuccess': {'1': 100.0, '4': 100.0, '9': 100.0, '11': 100.0, '13': 50.0, '20': 100.0, '22': 100.0, '23': 100.0, '24': 100.0, '26': 100.0, '28': 100.0, '31': 100.0, '32': 100.0, '46': 100.0, '50': 100.0, '52': 100.0, '76': 100.0, '78': 100.0, '82': 50.0, '83': 100.0, '89': 100.0, '92': 100.0, '36': 0.0, '55': 0.0}, 'aerialsTotal': {'65': 1.0}, 'offensiveAerials': {'65': 1.0}, 'cornersTotal': {'8': 1.0, '82': 1.0}, 'throwInsTotal': {'23': 2.0, '32': 1.0, '58': 1.0, '61': 1.0, '67': 1.0, '77': 1.0, '97': 1.0}, 'throwInsAccurate': {'23': 2.0, '32': 1.0, '58': 1.0, '61': 1.0, '67': 1.0, '77': 1.0, '97': 1.0}, 'foulsCommited': {'24': 1.0}, 'tacklesTotal': {'56': 2.0, '99': 2.0, '82': 1.0, '47': 1.0, '76': 1.0, '86': 1.0, '95': 1.0}, 'tackleSuccessful': {'56': 1.0, '99': 2.0, '82': 1.0}, 'tackleUnsuccesful': {'47': 1.0, '56': 1.0, '76': 1.0, '86': 1.0, '95': 1.0}, 'tackleSuccess': {'56': 50.0, '99': 100.0, '82': 100.0, '47': 0.0, '76': 0.0, '86': 0.0, '95': 0.0}, 'dribbledPast': {'47': 1.0, '56': 1.0, '76': 1.0, '86': 1.0, '95': 1.0}, 'dribblesWon': {'13': 1.0}, 'dribblesAttempted': {'13': 1.0}, 'dribbleSuccess': {'13': 100.0}, 'dispossessed': {'4': 1.0}, 'errors': {'36': 1.0}}",,,,,,,15
2,373946,29,Wesley Fofana,DC,190,84,23,True,False,home,"{'possession': {'0': 1.0, '1': 2.0, '4': 2.0, '6': 2.0, '8': 1.0, '11': 3.0, '13': 2.0, '20': 1.0, '23': 1.0, '24': 4.0, '26': 6.0, '27': 3.0, '30': 1.0, '31': 3.0, '32': 1.0, '38': 1.0, '45': 1.0, '46': 1.0, '47': 1.0, '55': 2.0, '56': 1.0, '58': 1.0, '60': 1.0, '72': 1.0, '73': 1.0, '76': 1.0, '78': 1.0, '80': 2.0, '81': 1.0, '89': 1.0, '92': 1.0, '93': 1.0, '95': 1.0, '97': 1.0, '99': 2.0}, 'ratings': {'0': 6.0, '1': 6.0, '4': 6.01, '6': 6.02, '8': 6.02, '9': 5.98, '11': 5.98, '13': 5.98, '17': 5.83, '20': 5.83, '23': 5.83, '24': 5.84, '26': 5.86, '27': 5.87, '30': 5.87, '31': 5.88, '32': 5.88, '37': 5.96, '38': 5.97, '39': 6.0, '45': 6.0, '46': 6.0, '47': 5.99, '55': 6.0, '56': 6.01, '58': 6.01, '59': 5.99, '60': 5.99, '65': 5.96, '72': 5.96, '73': 5.96, '74': 5.95, '76': 5.95, '77': 6.08, '78': 6.07, '79': 6.12, '80': 6.11, '81': 6.31, '89': 6.09, '92': 6.1, '93': 6.1, '95': 6.07, '97': 6.08, '98': 6.07, '99': 6.07}, 'shotsTotal': {'9': 1.0}, 'shotsOffTarget': {'9': 1.0}, 'clearances': {'17': 1.0, '39': 1.0, '79': 1.0}, 'interceptions': {'81': 1.0}, 'touches': {'0': 1.0, '1': 2.0, '4': 2.0, '6': 2.0, '8': 1.0, '9': 1.0, '11': 3.0, '13': 2.0, '17': 1.0, '20': 1.0, '23': 1.0, '24': 4.0, '26': 6.0, '27': 3.0, '30': 1.0, '31': 3.0, '32': 1.0, '37': 1.0, '38': 1.0, '39': 1.0, '45': 1.0, '46': 1.0, '47': 1.0, '55': 2.0, '56': 1.0, '58': 1.0, '60': 1.0, '65': 1.0, '72': 1.0, '73': 1.0, '76': 1.0, '77': 1.0, '78': 3.0, '79': 1.0, '80': 2.0, '81': 2.0, '89': 1.0, '92': 1.0, '93': 1.0, '95': 1.0, '97': 1.0, '99': 2.0}, 'passesTotal': {'0': 1.0, '1': 2.0, '4': 2.0, '6': 2.0, '8': 1.0, '11': 3.0, '13': 2.0, '20': 1.0, '23': 1.0, '24': 4.0, '26': 6.0, '27': 3.0, '30': 1.0, '31': 3.0, '32': 1.0, '38': 1.0, '45': 1.0, '46': 1.0, '55': 2.0, '56': 1.0, '58': 1.0, '60': 1.0, '72': 1.0, '73': 1.0, '76': 1.0, '80': 2.0, '92': 1.0, '93': 1.0, '95': 1.0, '97': 1.0, '99': 2.0, '47': 1.0, '78': 1.0, '81': 1.0, '89': 1.0}, 'passesAccurate': {'0': 1.0, '1': 2.0, '4': 2.0, '6': 2.0, '8': 1.0, '11': 2.0, '13': 2.0, '20': 1.0, '23': 1.0, '24': 4.0, '26': 6.0, '27': 3.0, '30': 1.0, '31': 3.0, '32': 1.0, '38': 1.0, '45': 1.0, '46': 1.0, '55': 2.0, '56': 1.0, '58': 1.0, '60': 1.0, '72': 1.0, '73': 1.0, '76': 1.0, '80': 1.0, '92': 1.0, '93': 1.0, '95': 1.0, '97': 1.0, '99': 1.0}, 'passSuccess': {'0': 100.0, '1': 100.0, '4': 100.0, '6': 100.0, '8': 100.0, '11': 66.67, '13': 100.0, '20': 100.0, '23': 100.0, '24': 100.0, '26': 100.0, '27': 100.0, '30': 100.0, '31': 100.0, '32': 100.0, '38': 100.0, '45': 100.0, '46': 100.0, '55': 100.0, '56': 100.0, '58': 100.0, '60': 100.0, '72': 100.0, '73': 100.0, '76': 100.0, '80': 50.0, '92': 100.0, '93': 100.0, '95': 100.0, '97': 100.0, '99': 50.0, '47': 0.0, '78': 0.0, '81': 0.0, '89': 0.0}, 'aerialsTotal': {'39': 1.0}, 'offensiveAerials': {'39': 1.0}, 'foulsCommited': {'59': 1.0, '74': 1.0, '98': 1.0}, 'tacklesTotal': {'77': 1.0, '95': 1.0}, 'tackleSuccessful': {'77': 1.0}, 'tackleUnsuccesful': {'95': 1.0}, 'tackleSuccess': {'77': 100.0, '95': 0.0}, 'dribbledPast': {'95': 1.0}, 'dispossessed': {'65': 1.0}}",,,,,,,15
3,421351,6,Levi Colwill,DC,187,83,21,True,False,home,"{'possession': {'0': 1.0, '1': 1.0, '2': 1.0, '4': 2.0, '6': 2.0, '11': 2.0, '13': 1.0, '15': 2.0, '20': 1.0, '22': 1.0, '23': 3.0, '24': 1.0, '26': 2.0, '27': 1.0, '28': 1.0, '31': 2.0, '32': 1.0, '46': 3.0, '50': 2.0, '55': 4.0, '59': 2.0, '60': 1.0, '73': 1.0, '75': 1.0, '78': 3.0, '80': 2.0, '87': 1.0, '100': 3.0}, 'ratings': {'0': 6.0, '1': 6.01, '2': 6.01, '4': 6.03, '6': 6.03, '7': 6.11, '11': 6.12, '13': 6.12, '15': 6.12, '17': 5.89, '20': 5.89, '22': 5.88, '23': 5.89, '24': 5.89, '26': 5.89, '27': 5.89, '28': 5.9, '29': 5.95, '31': 5.95, '32': 5.95, '37': 6.0, '46': 6.01, '50': 6.01, '55': 6.03, '59': 6.03, '60': 6.04, '62': 6.24, '63': 6.29, '70': 6.67, '73': 6.67, '75': 6.67, '78': 6.68, '80': 6.68, '81': 6.78, '87': 6.79, '89': 6.59, '95': 6.64, '100': 6.65}, 'clearances': {'29': 1.0, '37': 1.0, '63': 1.0, '95': 1.0}, 'interceptions': {'62': 1.0, '81': 1.0}, 'touches': {'0': 1.0, '1': 1.0, '2': 1.0, '4': 2.0, '6': 2.0, '7': 1.0, '11': 2.0, '13': 1.0, '15': 2.0, '20': 1.0, '22': 1.0, '23': 3.0, '24': 1.0, '26': 2.0, '27': 1.0, '28': 1.0, '29': 1.0, '31': 2.0, '32': 1.0, '37': 1.0, '46': 3.0, '50': 2.0, '55': 4.0, '59': 2.0, '60': 1.0, '62': 1.0, '63': 1.0, '70': 2.0, '73': 1.0, '75': 1.0, '78': 3.0, '80': 2.0, '81': 1.0, '87': 1.0, '95': 1.0, '100': 3.0}, 'passesTotal': {'0': 1.0, '1': 1.0, '2': 1.0, '4': 2.0, '6': 2.0, '11': 2.0, '13': 1.0, '15': 2.0, '20': 1.0, '23': 3.0, '24': 1.0, '26': 2.0, '27': 1.0, '28': 1.0, '31': 2.0, '32': 1.0, '46': 3.0, '50': 2.0, '55': 4.0, '59': 2.0, '60': 1.0, '73': 1.0, '75': 1.0, '78': 3.0, '80': 2.0, '87': 1.0, '100': 3.0, '22': 1.0}, 'passesAccurate': {'0': 1.0, '1': 1.0, '2': 1.0, '4': 2.0, '6': 2.0, '11': 2.0, '13': 1.0, '15': 2.0, '20': 1.0, '23': 3.0, '24': 1.0, '26': 2.0, '27': 1.0, '28': 1.0, '31': 2.0, '32': 1.0, '46': 3.0, '50': 2.0, '55': 4.0, '59': 2.0, '60': 1.0, '73': 1.0, '75': 1.0, '78': 3.0, '80': 2.0, '87': 1.0, '100': 3.0}, 'passSuccess': {'0': 100.0, '1': 100.0, '2': 100.0, '4': 100.0, '6': 100.0, '11': 100.0, '13': 100.0, '15': 100.0, '20': 100.0, '23': 100.0, '24': 100.0, '26': 100.0, '27': 100.0, '28': 100.0, '31': 100.0, '32': 100.0, '46': 100.0, '50': 100.0, '55': 100.0, '59': 100.0, '60': 100.0, '73': 100.0, '75': 100.0, '78': 100.0, '80': 100.0, '87': 100.0, '100': 100.0, '22': 0.0}, 'tacklesTotal': {'70': 1.0, '17': 1.0}, 'tackleSuccessful': {'70': 1.0}, 'tackleUnsuccesful': {'17': 1.0}, 'tackleSuccess': {'70': 100.0, '17': 0.0}, 'dribbledPast': {'17': 1.0}}",,,,,,,15
4,363496,3,Marc Cucurella,DL,172,66,26,True,False,home,"{'possession': {'0': 1.0, '2': 3.0, '6': 4.0, '10': 1.0, '11': 2.0, '15': 1.0, '16': 1.0, '20': 1.0, '23': 3.0, '24': 2.0, '26': 1.0, '27': 3.0, '28': 1.0, '31': 2.0, '33': 2.0, '36': 1.0, '38': 1.0, '45': 2.0, '46': 2.0, '50': 3.0, '51': 1.0, '53': 1.0, '55': 1.0, '59': 2.0, '60': 1.0, '61': 1.0, '66': 4.0, '73': 5.0, '76': 3.0, '78': 3.0, '80': 1.0, '82': 1.0}, 'ratings': {'0': 6.13, '2': 6.25, '6': 6.26, '10': 6.26, '11': 6.27, '12': 6.3, '15': 6.34, '16': 6.35, '17': 6.18, '20': 6.17, '23': 6.17, '24': 6.18, '26': 6.18, '27': 6.19, '28': 6.19, '31': 6.2, '33': 6.19, '34': 6.24, '36': 6.21, '38': 6.22, '45': 6.22, '46': 6.23, '50': 6.22, '51': 6.21, '53': 6.22, '54': 6.27, '55': 6.27, '59': 6.26, '60': 6.3, '61': 6.29, '63': 6.34, '66': 6.36, '72': 6.34, '73': 6.35, '76': 6.35, '78': 6.35, '80': 6.36, '82': 6.36, '84': 6.41}, 'clearances': {'54': 1.0, '63': 1.0, '84': 1.0}, 'touches': {'0': 2.0, '2': 4.0, '3': 1.0, '6': 4.0, '10': 1.0, '11': 2.0, '12': 1.0, '15': 3.0, '16': 1.0, '20': 2.0, '22': 1.0, '23': 3.0, '24': 2.0, '26': 1.0, '27': 3.0, '28': 1.0, '29': 2.0, '31': 2.0, '33': 2.0, '34': 1.0, '36': 1.0, '38': 1.0, '45': 2.0, '46': 2.0, '50': 3.0, '51': 1.0, '52': 1.0, '53': 1.0, '54': 1.0, '55': 1.0, '59': 2.0, '60': 2.0, '61': 1.0, '63': 2.0, '66': 4.0, '72': 1.0, '73': 5.0, '76': 3.0, '78': 3.0, '80': 1.0, '82': 1.0, '84': 1.0}, 'passesTotal': {'0': 1.0, '2': 3.0, '6': 4.0, '10': 1.0, '11': 2.0, '15': 1.0, '16': 1.0, '23': 3.0, '24': 2.0, '26': 1.0, '27': 3.0, '28': 1.0, '31': 2.0, '33': 1.0, '36': 1.0, '38': 1.0, '45': 2.0, '46': 2.0, '50': 2.0, '53': 1.0, '55': 1.0, '59': 2.0, '60': 1.0, '66': 4.0, '73': 5.0, '76': 2.0, '78': 3.0, '80': 1.0, '82': 1.0, '20': 1.0, '51': 1.0, '61': 1.0}, 'passesAccurate': {'0': 1.0, '2': 1.0, '6': 4.0, '10': 1.0, '11': 2.0, '15': 1.0, '16': 1.0, '23': 3.0, '24': 2.0, '26': 1.0, '27': 3.0, '28': 1.0, '31': 2.0, '33': 1.0, '36': 1.0, '38': 1.0, '45': 2.0, '46': 2.0, '50': 2.0, '53': 1.0, '55': 1.0, '59': 1.0, '60': 1.0, '66': 4.0, '73': 5.0, '76': 2.0, '78': 3.0, '80': 1.0, '82': 1.0}, 'passSuccess': {'0': 100.0, '2': 33.33, '6': 100.0, '10': 100.0, '11': 100.0, '15': 100.0, '16': 100.0, '23': 100.0, '24': 100.0, '26': 100.0, '27': 100.0, '28': 100.0, '31': 100.0, '33': 100.0, '36': 100.0, '38': 100.0, '45': 100.0, '46': 100.0, '50': 100.0, '53': 100.0, '55': 100.0, '59': 50.0, '60': 100.0, '66': 100.0, '73': 100.0, '76': 100.0, '78': 100.0, '80': 100.0, '82': 100.0, '20': 0.0, '51': 0.0, '61': 0.0}, 'aerialsTotal': {'72': 1.0}, 'offensiveAerials': {'72': 1.0}, 'throwInsTotal': {'3': 1.0, '20': 1.0, '22': 1.0, '29': 2.0, '52': 1.0, '63': 1.0}, 'throwInsAccurate': {'3': 1.0, '20': 1.0, '22': 1.0, '29': 1.0, '52': 1.0, '63': 1.0}, 'tacklesTotal': {'0': 1.0, '2': 1.0, '34': 1.0, '36': 1.0}, 'tackleSuccessful': {'0': 1.0, '2': 1.0}, 'tackleUnsuccesful': {'34': 1.0, '36': 1.0}, 'tackleSuccess': {'0': 100.0, '2': 100.0, '34': 0.0, '36': 0.0}, 'dribbledPast': {'34': 1.0, '36': 1.0}}",434077.0,"{'value': 2, 'displayName': 'SecondHalf'}",85.0,,,,15
5,425319,45,Roméo Lavia,DMC,181,0,20,True,False,home,"{'possession': {'2': 1.0, '4': 1.0, '6': 2.0, '8': 1.0, '11': 2.0, '24': 3.0, '26': 2.0, '27': 4.0, '30': 1.0, '31': 1.0, '33': 1.0, '36': 1.0, '45': 4.0, '47': 2.0, '50': 2.0, '51': 1.0, '54': 1.0, '60': 2.0, '61': 1.0, '62': 1.0, '64': 1.0, '65': 1.0, '66': 2.0, '69': 1.0}, 'ratings': {'0': 6.0, '2': 6.0, '4': 6.0, '6': 6.01, '8': 6.01, '11': 6.12, '14': 6.1, '17': 5.95, '21': 6.03, '24': 6.04, '26': 6.04, '27': 6.06, '30': 6.06, '31': 6.06, '33': 6.15, '35': 6.12, '36': 6.12, '43': 6.25, '45': 6.25, '47': 6.45, '50': 6.46, '51': 6.46, '54': 6.59, '60': 6.6, '61': 6.6, '62': 6.6, '64': 6.61, '65': 6.62, '66': 6.81, '69': 6.91}, 'clearances': {'54': 1.0}, 'interceptions': {'11': 1.0, '47': 1.0, '69': 1.0}, 'touches': {'2': 1.0, '4': 1.0, '6': 2.0, '8': 1.0, '11': 3.0, '21': 1.0, '24': 3.0, '26': 2.0, '27': 4.0, '30': 1.0, '31': 1.0, '33': 2.0, '36': 1.0, '43': 1.0, '45': 5.0, '47': 3.0, '50': 2.0, '51': 1.0, '54': 2.0, '56': 1.0, '57': 1.0, '60': 2.0, '61': 1.0, '62': 1.0, '64': 1.0, '65': 1.0, '66': 2.0, '69': 2.0}, 'passesTotal': {'2': 1.0, '4': 1.0, '6': 2.0, '8': 1.0, '11': 2.0, '24': 3.0, '26': 2.0, '27': 4.0, '30': 1.0, '31': 1.0, '33': 1.0, '36': 1.0, '45': 4.0, '47': 2.0, '50': 2.0, '54': 1.0, '60': 2.0, '61': 1.0, '62': 1.0, '64': 1.0, '65': 1.0, '66': 2.0, '69': 1.0, '51': 1.0}, 'passesAccurate': {'2': 1.0, '4': 1.0, '6': 2.0, '8': 1.0, '11': 2.0, '24': 3.0, '26': 2.0, '27': 4.0, '30': 1.0, '31': 1.0, '33': 1.0, '36': 1.0, '45': 4.0, '47': 2.0, '50': 2.0, '54': 1.0, '60': 2.0, '61': 1.0, '62': 1.0, '64': 1.0, '65': 1.0, '66': 2.0, '69': 1.0}, 'passesKey': {'66': 1.0}, 'passSuccess': {'2': 100.0, '4': 100.0, '6': 100.0, '8': 100.0, '11': 100.0, '24': 100.0, '26': 100.0, '27': 100.0, '30': 100.0, '31': 100.0, '33': 100.0, '36': 100.0, '45': 100.0, '47': 100.0, '50': 100.0, '54': 100.0, '60': 100.0, '61': 100.0, '62': 100.0, '64': 100.0, '65': 100.0, '66': 100.0, '69': 100.0, '51': 0.0}, 'aerialsTotal': {'54': 1.0}, 'aerialsWon': {'54': 1.0}, 'offensiveAerials': {'54': 1.0}, 'foulsCommited': {'14': 1.0}, 'tacklesTotal': {'43': 1.0, '21': 1.0, '33': 1.0, '35': 1.0}, 'tackleSuccessful': {'43': 1.0, '21': 1.0, '33': 1.0}, 'tackleUnsuccesful': {'35': 1.0}, 'tackleSuccess': {'43': 100.0, '21': 100.0, '33': 100.0, '35': 0.0}, 'dribbledPast': {'35': 1.0}, 'dispossessed': {'45': 1.0}}",391256.0,"{'value': 2, 'displayName': 'SecondHalf'}",71.0,,,,15
6,410175,25,Moisés Caicedo,DMC,178,73,22,True,False,home,"{'possession': {'1': 1.0, '4': 3.0, '8': 1.0, '11': 1.0, '20': 1.0, '23': 2.0, '24': 2.0, '26': 2.0, '27': 1.0, '28': 1.0, '32': 1.0, '33': 2.0, '38': 2.0, '46': 1.0, '47': 1.0, '50': 1.0, '54': 2.0, '55': 2.0, '56': 1.0, '60': 1.0, '62': 2.0, '64': 2.0, '66': 1.0, '67': 1.0, '72': 1.0, '74': 1.0, '75': 1.0, '76': 3.0, '83': 2.0, '84': 1.0, '91': 1.0, '92': 1.0, '93': 1.0, '95': 1.0, '97': 2.0, '99': 1.0, '100': 1.0}, 'ratings': {'0': 6.0, '1': 6.0, '4': 6.01, '8': 6.01, '11': 6.02, '16': 6.0, '17': 5.85, '20': 5.85, '23': 5.82, '24': 5.82, '26': 5.82, '27': 5.92, '28': 5.93, '32': 5.93, '33': 5.91, '38': 5.91, '46': 5.92, '47': 5.92, '50': 5.93, '54': 5.98, '55': 5.99, '56': 5.98, '60': 5.96, '62': 5.97, '64': 6.11, '66': 6.11, '67': 6.36, '72': 6.37, '74': 6.37, '75': 6.38, '76': 6.49, '83': 6.5, '84': 6.49, '89': 6.31, '91': 6.3, '92': 6.3, '93': 6.31, '94': 6.19, '95': 6.19, '97': 6.28, '99': 6.28, '100': 6.28}, 'shotsTotal': {'64': 1.0}, 'shotsBlocked': {'64': 1.0}, 'interceptions': {'27': 1.0, '76': 1.0}, 'touches': {'1': 1.0, '4': 3.0, '8': 1.0, '11': 1.0, '14': 1.0, '20': 1.0, '23': 3.0, '24': 2.0, '26': 2.0, '27': 2.0, '28': 1.0, '32': 1.0, '33': 2.0, '34': 1.0, '38': 2.0, '39': 1.0, '46': 1.0, '47': 1.0, '50': 1.0, '51': 1.0, '54': 3.0, '55': 2.0, '56': 1.0, '60': 1.0, '62': 2.0, '64': 4.0, '66': 1.0, '67': 2.0, '72': 1.0, '74': 1.0, '75': 1.0, '76': 4.0, '83': 2.0, '84': 1.0, '91': 1.0, '92': 1.0, '93': 1.0, '95': 1.0, '97': 2.0, '99': 1.0, '100': 1.0}, 'passesTotal': {'1': 1.0, '4': 3.0, '8': 1.0, '11': 1.0, '20': 1.0, '23': 2.0, '24': 2.0, '26': 2.0, '27': 1.0, '28': 1.0, '32': 1.0, '33': 2.0, '38': 2.0, '46': 1.0, '47': 1.0, '50': 1.0, '54': 2.0, '55': 2.0, '62': 2.0, '64': 2.0, '66': 1.0, '72': 1.0, '74': 1.0, '75': 1.0, '76': 3.0, '83': 2.0, '92': 1.0, '93': 1.0, '95': 1.0, '97': 2.0, '99': 1.0, '100': 1.0, '56': 1.0, '60': 1.0, '84': 1.0, '91': 1.0}, 'passesAccurate': {'1': 1.0, '4': 3.0, '8': 1.0, '11': 1.0, '20': 1.0, '23': 2.0, '24': 1.0, '26': 2.0, '27': 1.0, '28': 1.0, '32': 1.0, '33': 2.0, '38': 2.0, '46': 1.0, '47': 1.0, '50': 1.0, '54': 2.0, '55': 2.0, '62': 2.0, '64': 2.0, '66': 1.0, '72': 1.0, '74': 1.0, '75': 1.0, '76': 3.0, '83': 2.0, '92': 1.0, '93': 1.0, '95': 1.0, '97': 2.0, '99': 1.0, '100': 1.0}, 'passesKey': {'97': 1.0}, 'passSuccess': {'1': 100.0, '4': 100.0, '8': 100.0, '11': 100.0, '20': 100.0, '23': 100.0, '24': 50.0, '26': 100.0, '27': 100.0, '28': 100.0, '32': 100.0, '33': 100.0, '38': 100.0, '46': 100.0, '47': 100.0, '50': 100.0, '54': 100.0, '55': 100.0, '62': 100.0, '64': 100.0, '66': 100.0, '72': 100.0, '74': 100.0, '75': 100.0, '76': 100.0, '83': 100.0, '92': 100.0, '93': 100.0, '95': 100.0, '97': 100.0, '99': 100.0, '100': 100.0, '56': 0.0, '60': 0.0, '84': 0.0, '91': 0.0}, 'foulsCommited': {'16': 1.0, '94': 1.0}, 'tacklesTotal': {'64': 1.0, '54': 2.0, '33': 1.0, '89': 1.0}, 'tackleSuccessful': {'64': 1.0, '54': 1.0}, 'tackleUnsuccesful': {'33': 1.0, '54': 1.0, '89': 1.0}, 'tackleSuccess': {'64': 100.0, '54': 50.0, '33': 0.0, '89': 0.0}, 'dribbledPast': {'33': 1.0, '54': 1.0, '89': 1.0}, 'dribblesWon': {'67': 1.0}, 'dribblesAttempted': {'67': 1.0}, 'dribbleSuccess': {'67': 100.0}}",,,,,,,15
7,395692,20,Cole Palmer,AMR,189,76,22,True,False,home,"{'possession': {'4': 3.0, '8': 1.0, '9': 2.0, '11': 1.0, '12': 1.0, '23': 1.0, '26': 1.0, '27': 2.0, '28': 2.0, '31': 1.0, '34': 1.0, '37': 1.0, '38': 1.0, '46': 1.0, '47': 1.0, '48': 1.0, '50': 1.0, '54': 1.0, '55': 1.0, '60': 1.0, '62': 1.0, '64': 1.0, '66': 3.0, '73': 1.0, '77': 1.0, '81': 1.0, '82': 1.0, '83': 1.0, '91': 1.0, '92': 1.0, '93': 2.0, '95': 1.0, '97': 2.0, '99': 2.0, '100': 1.0}, 'ratings': {'0': 6.0, '4': 6.01, '8': 6.01, '9': 6.18, '10': 6.15, '11': 6.15, '12': 6.12, '17': 6.02, '23': 6.01, '25': 5.97, '26': 6.12, '27': 6.08, '28': 6.07, '31': 6.07, '33': 6.04, '34': 6.05, '37': 6.04, '38': 6.12, '39': 6.11, '43': 6.28, '46': 6.28, '47': 6.28, '48': 6.28, '50': 6.29, '54': 6.29, '55': 6.3, '60': 6.3, '62': 6.28, '64': 6.37, '66': 6.37, '73': 6.37, '74': 6.34, '77': 6.33, '81': 6.33, '82': 6.34, '83': 6.33, '89': 6.23, '91': 6.22, '92': 6.23, '93': 6.24, '95': 6.29, '97': 6.54, '99': 6.73, '100': 6.74}, 'shotsTotal': {'43': 1.0, '97': 1.0}, 'shotsOnTarget': {'43': 1.0}, 'shotsOffTarget': {'97': 1.0}, 'clearances': {'99': 1.0}, 'touches': {'4': 3.0, '8': 1.0, '9': 2.0, '10': 1.0, '11': 1.0, '12': 2.0, '23': 1.0, '25': 1.0, '26': 2.0, '27': 4.0, '28': 2.0, '31': 1.0, '33': 1.0, '34': 1.0, '37': 2.0, '38': 1.0, '39': 1.0, '41': 1.0, '43': 2.0, '46': 1.0, '47': 1.0, '48': 1.0, '50': 1.0, '54': 1.0, '55': 1.0, '60': 1.0, '62': 1.0, '64': 1.0, '66': 3.0, '73': 1.0, '74': 1.0, '77': 1.0, '81': 1.0, '82': 1.0, '83': 1.0, '91': 1.0, '92': 1.0, '93': 2.0, '95': 1.0, '97': 5.0, '99': 4.0, '100': 1.0}, 'passesTotal': {'4': 3.0, '8': 1.0, '9': 1.0, '11': 1.0, '12': 1.0, '26': 1.0, '27': 2.0, '28': 1.0, '31': 1.0, '34': 1.0, '37': 1.0, '46': 1.0, '47': 1.0, '48': 1.0, '50': 1.0, '54': 1.0, '55': 1.0, '60': 1.0, '64': 1.0, '66': 3.0, '73': 1.0, '81': 1.0, '82': 1.0, '92': 1.0, '93': 2.0, '97': 2.0, '99': 2.0, '100': 1.0, '23': 1.0, '62': 1.0, '77': 1.0, '91': 1.0}, 'passesAccurate': {'4': 3.0, '8': 1.0, '9': 1.0, '11': 1.0, '12': 1.0, '26': 1.0, '27': 1.0, '28': 1.0, '31': 1.0, '34': 1.0, '37': 1.0, '46': 1.0, '47': 1.0, '48': 1.0, '50': 1.0, '54': 1.0, '55': 1.0, '60': 1.0, '64': 1.0, '66': 2.0, '73': 1.0, '81': 1.0, '82': 1.0, '92': 1.0, '93': 2.0, '97': 2.0, '99': 2.0, '100': 1.0}, 'passesKey': {'9': 1.0, '64': 1.0}, 'passSuccess': {'4': 100.0, '8': 100.0, '9': 100.0, '11': 100.0, '12': 100.0, '26': 100.0, '27': 50.0, '28': 100.0, '31': 100.0, '34': 100.0, '37': 100.0, '46': 100.0, '47': 100.0, '48': 100.0, '50': 100.0, '54': 100.0, '55': 100.0, '60': 100.0, '64': 100.0, '66': 66.67, '73': 100.0, '81': 100.0, '82': 100.0, '92': 100.0, '93': 100.0, '97': 100.0, '99': 100.0, '100': 100.0, '23': 0.0, '62': 0.0, '77': 0.0, '91': 0.0}, 'cornersAccurate': {'9': 1.0}, 'throwInsTotal': {'41': 1.0}, 'tacklesTotal': {'26': 1.0, '99': 1.0, '95': 1.0}, 'tackleSuccessful': {'26': 1.0, '99': 1.0}, 'tackleUnsuccesful': {'95': 1.0}, 'tackleSuccess': {'26': 100.0, '99': 100.0, '95': 0.0}, 'dribbledPast': {'95': 1.0}, 'dribblesWon': {'97': 1.0}, 'dribblesAttempted': {'97': 1.0, '37': 1.0, '39': 1.0}, 'dribblesLost': {'37': 1.0, '39': 1.0}, 'dribbleSuccess': {'97': 100.0, '37': 0.0, '39': 0.0}, 'dispossessed': {'12': 1.0, '27': 1.0, '74': 1.0}}",,,,,,,15
8,369430,8,Enzo Fernández,AMC,178,76,23,True,False,home,"{'possession': {'2': 4.0, '3': 1.0, '6': 2.0, '8': 1.0, '9': 1.0, '10': 1.0, '11': 2.0, '13': 1.0, '20': 1.0, '24': 1.0, '26': 1.0, '27': 1.0, '29': 1.0, '33': 2.0, '37': 1.0, '39': 1.0, '47': 1.0, '50': 1.0, '54': 1.0, '55': 1.0, '63': 1.0, '64': 2.0, '65': 2.0, '66': 1.0, '73': 4.0, '76': 6.0, '78': 1.0, '82': 1.0, '83': 1.0, '91': 1.0, '93': 5.0, '95': 2.0, '96': 1.0, '97': 1.0, '99': 1.0}, 'ratings': {'0': 6.0, '2': 6.01, '3': 6.0, '6': 6.0, '8': 6.01, '9': 6.02, '10': 6.03, '11': 6.04, '13': 6.05, '17': 5.95, '20': 5.94, '22': 5.9, '24': 5.91, '25': 6.04, '26': 6.04, '27': 6.05, '29': 6.05, '32': 6.02, '33': 6.02, '36': 6.05, '37': 6.25, '39': 6.25, '47': 6.25, '48': 6.18, '50': 6.18, '54': 6.18, '55': 6.22, '63': 6.21, '64': 6.2, '65': 6.29, '66': 6.26, '73': 6.26, '76': 6.28, '78': 6.28, '81': 6.25, '82': 6.26, '83': 6.26, '89': 6.16, '91': 6.17, '93': 6.18, '95': 6.18, '96': 6.19, '97': 6.19, '99': 6.19, '100': 6.36}, 'shotsTotal': {'38': 1.0, '66': 1.0, '100': 1.0}, 'shotsOnTarget': {'100': 1.0}, 'shotsOffTarget': {'66': 1.0}, 'shotsBlocked': {'38': 1.0}, 'touches': {'2': 4.0, '3': 1.0, '6': 2.0, '8': 1.0, '9': 1.0, '10': 1.0, '11': 2.0, '13': 1.0, '20': 1.0, '22': 1.0, '24': 1.0, '25': 1.0, '26': 1.0, '27': 2.0, '29': 1.0, '32': 1.0, '33': 2.0, '36': 1.0, '37': 2.0, '38': 1.0, '39': 1.0, '47': 1.0, '48': 2.0, '50': 1.0, '54': 3.0, '55': 2.0, '63': 1.0, '64': 2.0, '65': 2.0, '66': 2.0, '73': 4.0, '76': 6.0, '78': 1.0, '82': 1.0, '83': 1.0, '91': 2.0, '93': 5.0, '95': 2.0, '96': 1.0, '97': 1.0, '99': 1.0, '100': 1.0}, 'passesTotal': {'2': 4.0, '6': 2.0, '8': 1.0, '9': 1.0, '10': 1.0, '11': 2.0, '13': 1.0, '24': 1.0, '26': 1.0, '27': 1.0, '29': 1.0, '33': 2.0, '47': 1.0, '50': 1.0, '54': 1.0, '55': 1.0, '64': 2.0, '65': 1.0, '66': 1.0, '73': 4.0, '76': 6.0, '78': 1.0, '82': 1.0, '83': 1.0, '91': 1.0, '93': 5.0, '95': 2.0, '96': 1.0, '97': 1.0, '99': 1.0, '3': 1.0, '20': 1.0, '37': 1.0, '63': 1.0}, 'passesAccurate': {'2': 3.0, '6': 2.0, '8': 1.0, '9': 1.0, '10': 1.0, '11': 2.0, '13': 1.0, '24': 1.0, '26': 1.0, '27': 1.0, '29': 1.0, '33': 1.0, '47': 1.0, '50': 1.0, '54': 1.0, '55': 1.0, '64': 1.0, '65': 1.0, '66': 1.0, '73': 3.0, '76': 6.0, '78': 1.0, '82': 1.0, '83': 1.0, '91': 1.0, '93': 5.0, '95': 2.0, '96': 1.0, '97': 1.0, '99': 1.0}, 'passSuccess': {'2': 75.0, '6': 100.0, '8': 100.0, '9': 100.0, '10': 100.0, '11': 100.0, '13': 100.0, '24': 100.0, '26': 100.0, '27': 100.0, '29': 100.0, '33': 50.0, '47': 100.0, '50': 100.0, '54': 100.0, '55': 100.0, '64': 50.0, '65': 100.0, '66': 100.0, '73': 75.0, '76': 100.0, '78': 100.0, '82': 100.0, '83': 100.0, '91': 100.0, '93': 100.0, '95': 100.0, '96': 100.0, '97': 100.0, '99': 100.0, '3': 0.0, '20': 0.0, '37': 0.0, '63': 0.0}, 'aerialsTotal': {'37': 1.0}, 'aerialsWon': {'37': 1.0}, 'defensiveAerials': {'37': 1.0}, 'cornersTotal': {'38': 1.0, '64': 1.0}, 'cornersAccurate': {'65': 1.0}, 'throwInAccuracy': {'38': 0.0, '64': 0.0}, 'tacklesTotal': {'25': 1.0, '37': 1.0, '81': 1.0}, 'tackleSuccessful': {'25': 1.0, '37': 1.0}, 'tackleUnsuccesful': {'81': 1.0}, 'tackleSuccess': {'25': 100.0, '37': 100.0, '81': 0.0}, 'dribbledPast': {'81': 1.0}, 'dispossessed': {'48': 2.0}}",,,,,,,15
9,300945,18,Christopher Nkunku,AML,178,68,26,True,False,home,"{'possession': {'4': 1.0, '10': 1.0, '11': 1.0, '23': 1.0, '24': 2.0, '26': 1.0, '27': 3.0, '28': 1.0, '31': 1.0, '33': 1.0, '36': 1.0, '38': 2.0, '43': 1.0, '45': 2.0, '46': 2.0, '53': 1.0, '54': 1.0, '55': 2.0, '59': 1.0}, 'ratings': {'0': 5.97, '3': 5.95, '4': 5.94, '10': 5.94, '11': 5.96, '15': 6.09, '17': 5.99, '23': 5.99, '24': 5.99, '25': 5.98, '26': 5.98, '27': 6.0, '28': 6.0, '29': 5.99, '31': 5.99, '33': 6.13, '36': 6.34, '38': 6.34, '43': 6.56, '45': 6.57, '46': 6.56, '50': 6.53, '53': 6.53, '54': 6.54, '55': 6.51, '59': 6.6}, 'shotsTotal': {'50': 1.0}, 'shotsBlocked': {'50': 1.0}, 'interceptions': {'36': 1.0}, 'touches': {'0': 1.0, '4': 2.0, '5': 1.0, '10': 2.0, '11': 1.0, '15': 1.0, '23': 1.0, '24': 2.0, '25': 1.0, '26': 1.0, '27': 3.0, '28': 1.0, '29': 1.0, '31': 1.0, '33': 2.0, '36': 2.0, '38': 2.0, '43': 2.0, '45': 2.0, '46': 4.0, '50': 2.0, '53': 1.0, '54': 1.0, '55': 3.0, '59': 1.0}, 'passesTotal': {'4': 1.0, '10': 1.0, '11': 1.0, '23': 1.0, '24': 2.0, '26': 1.0, '27': 3.0, '28': 1.0, '31': 1.0, '33': 1.0, '36': 1.0, '38': 2.0, '43': 1.0, '45': 2.0, '46': 2.0, '53': 1.0, '54': 1.0, '55': 2.0, '59': 1.0}, 'passesAccurate': {'4': 1.0, '10': 1.0, '11': 1.0, '23': 1.0, '24': 2.0, '26': 1.0, '27': 3.0, '28': 1.0, '31': 1.0, '33': 1.0, '36': 1.0, '38': 2.0, '43': 1.0, '45': 2.0, '46': 2.0, '53': 1.0, '54': 1.0, '55': 2.0, '59': 1.0}, 'passesKey': {'43': 1.0}, 'passSuccess': {'4': 100.0, '10': 100.0, '11': 100.0, '23': 100.0, '24': 100.0, '26': 100.0, '27': 100.0, '28': 100.0, '31': 100.0, '33': 100.0, '36': 100.0, '38': 100.0, '43': 100.0, '45': 100.0, '46': 100.0, '53': 100.0, '54': 100.0, '55': 100.0, '59': 100.0}, 'aerialsTotal': {'59': 1.0}, 'aerialsWon': {'59': 1.0}, 'offensiveAerials': {'59': 1.0}, 'foulsCommited': {'3': 1.0, '25': 1.0}, 'tacklesTotal': {'15': 1.0, '33': 1.0, '43': 1.0}, 'tackleSuccessful': {'15': 1.0, '33': 1.0, '43': 1.0}, 'tackleSuccess': {'15': 100.0, '33': 100.0, '43': 100.0}, 'dribblesAttempted': {'4': 1.0, '29': 1.0, '46': 1.0}, 'dribblesLost': {'4': 1.0, '29': 1.0, '46': 1.0}, 'dispossessed': {'55': 1.0}}",337916.0,"{'value': 2, 'displayName': 'SecondHalf'}",63.0,,,,15
10,426050,15,Nicolas Jackson,FW,186,78,23,True,False,home,"{'possession': {'4': 1.0, '12': 1.0, '13': 1.0, '16': 1.0, '20': 1.0, '29': 1.0, '33': 1.0, '38': 1.0, '43': 1.0, '45': 1.0, '46': 1.0, '50': 1.0, '51': 1.0, '52': 1.0, '53': 1.0, '54': 1.0}, 'ratings': {'0': 6.0, '4': 6.0, '12': 6.01, '13': 5.94, '16': 5.94, '17': 5.87, '20': 5.87, '29': 5.86, '33': 5.86, '34': 5.84, '38': 5.93, '43': 5.92, '45': 5.92, '46': 5.91, '47': 5.89, '50': 5.99, '51': 5.99, '52': 5.99, '53': 5.98, '54': 5.98, '66': 6.01}, 'shotsTotal': {'66': 1.0}, 'shotsOnTarget': {'66': 1.0}, 'touches': {'4': 1.0, '12': 1.0, '13': 2.0, '16': 1.0, '20': 1.0, '29': 2.0, '33': 1.0, '38': 1.0, '43': 1.0, '45': 1.0, '46': 1.0, '50': 1.0, '51': 1.0, '52': 1.0, '53': 1.0, '54': 3.0, '66': 1.0}, 'passesTotal': {'4': 1.0, '12': 1.0, '20': 1.0, '38': 1.0, '43': 1.0, '45': 1.0, '46': 1.0, '50': 1.0, '51': 1.0, '52': 1.0, '54': 1.0, '13': 1.0, '16': 1.0, '29': 1.0, '33': 1.0, '53': 1.0}, 'passesAccurate': {'4': 1.0, '12': 1.0, '20': 1.0, '38': 1.0, '43': 1.0, '45': 1.0, '46': 1.0, '50': 1.0, '51': 1.0, '52': 1.0, '54': 1.0}, 'passesKey': {'38': 1.0, '50': 1.0}, 'passSuccess': {'4': 100.0, '12': 100.0, '20': 100.0, '38': 100.0, '43': 100.0, '45': 100.0, '46': 100.0, '50': 100.0, '51': 100.0, '52': 100.0, '54': 100.0, '13': 0.0, '16': 0.0, '29': 0.0, '33': 0.0, '53': 0.0}, 'aerialsTotal': {'47': 1.0}, 'defensiveAerials': {'47': 1.0}, 'offsidesCaught': {'34': 1.0, '43': 1.0}, 'foulsCommited': {'13': 1.0, '46': 1.0}}",483208.0,"{'value': 2, 'displayName': 'SecondHalf'}",71.0,,,,15
11,434077,40,Renato Veiga,Sub,190,88,21,,False,home,"{'possession': {'93': 1.0, '95': 1.0, '96': 2.0, '97': 1.0, '100': 3.0}, 'ratings': {'85': 6.0, '89': 5.9, '93': 5.9, '95': 5.9, '96': 5.88, '97': 5.87, '100': 5.88}, 'touches': {'87': 1.0, '92': 1.0, '93': 1.0, '95': 1.0, '96': 2.0, '97': 1.0, '100': 3.0}, 'passesTotal': {'93': 1.0, '95': 1.0, '96': 2.0, '97': 1.0, '100': 3.0}, 'passesAccurate': {'93': 1.0, '95': 1.0, '96': 1.0, '97': 1.0, '100': 3.0}, 'passSuccess': {'93': 100.0, '95': 100.0, '96': 50.0, '97': 100.0, '100': 100.0}, 'aerialsTotal': {'97': 1.0}, 'defensiveAerials': {'97': 1.0}, 'throwInsTotal': {'92': 1.0}, 'throwInsAccurate': {'92': 1.0}, 'foulsCommited': {'96': 1.0}}",,,,"{'value': 2, 'displayName': 'SecondHalf'}",85.0,363496.0,15
12,337916,19,Pedro Neto,Sub,172,62,24,,False,home,"{'possession': {'65': 1.0, '66': 2.0, '73': 1.0, '76': 4.0, '78': 1.0, '83': 4.0, '93': 2.0, '96': 1.0, '97': 1.0, '100': 2.0}, 'ratings': {'63': 6.0, '65': 6.0, '66': 6.17, '67': 6.14, '69': 6.12, '73': 6.12, '76': 6.12, '78': 6.13, '83': 6.29, '89': 6.19, '93': 6.2, '95': 6.17, '96': 6.17, '97': 6.17, '100': 6.26}, 'shotsTotal': {'95': 1.0}, 'shotsBlocked': {'95': 1.0}, 'touches': {'65': 1.0, '66': 2.0, '67': 1.0, '69': 1.0, '73': 1.0, '76': 4.0, '78': 1.0, '83': 5.0, '93': 2.0, '95': 2.0, '96': 1.0, '97': 1.0, '100': 2.0}, 'passesTotal': {'65': 1.0, '66': 1.0, '73': 1.0, '76': 3.0, '78': 1.0, '83': 3.0, '93': 2.0, '96': 1.0, '97': 1.0, '100': 2.0}, 'passesAccurate': {'65': 1.0, '66': 1.0, '73': 1.0, '76': 3.0, '78': 1.0, '83': 3.0, '93': 2.0, '96': 1.0, '97': 1.0, '100': 2.0}, 'passesKey': {'66': 1.0, '100': 1.0}, 'passSuccess': {'65': 100.0, '66': 100.0, '73': 100.0, '76': 100.0, '78': 100.0, '83': 100.0, '93': 100.0, '96': 100.0, '97': 100.0, '100': 100.0}, 'dribblesWon': {'83': 1.0}, 'dribblesAttempted': {'83': 1.0, '69': 1.0}, 'dribblesLost': {'69': 1.0}, 'dribbleSuccess': {'83': 100.0, '69': 0.0}}",,,,"{'value': 2, 'displayName': 'SecondHalf'}",63.0,300945.0,15
13,391256,22,Kiernan Dewsbury-Hall,Sub,178,0,26,,False,home,"{'possession': {'72': 1.0, '73': 1.0, '75': 1.0, '76': 2.0, '80': 1.0, '81': 1.0, '83': 6.0, '87': 1.0, '93': 1.0, '97': 1.0, '100': 1.0}, 'ratings': {'71': 6.0, '72': 5.99, '73': 5.99, '75': 6.0, '76': 6.0, '80': 6.0, '81': 6.01, '83': 6.02, '87': 6.12, '89': 6.02, '93': 6.01, '95': 6.04, '97': 6.04, '100': 6.04}, 'interceptions': {'87': 1.0}, 'touches': {'72': 1.0, '73': 1.0, '75': 1.0, '76': 2.0, '80': 1.0, '81': 1.0, '83': 6.0, '87': 2.0, '91': 1.0, '93': 1.0, '95': 1.0, '97': 1.0, '100': 1.0}, 'passesTotal': {'73': 1.0, '75': 1.0, '76': 2.0, '80': 1.0, '81': 1.0, '83': 6.0, '97': 1.0, '72': 1.0, '87': 1.0, '93': 1.0, '100': 1.0}, 'passesAccurate': {'73': 1.0, '75': 1.0, '76': 2.0, '80': 1.0, '81': 1.0, '83': 6.0, '97': 1.0}, 'passSuccess': {'73': 100.0, '75': 100.0, '76': 100.0, '80': 100.0, '81': 100.0, '83': 100.0, '97': 100.0, '72': 0.0, '87': 0.0, '93': 0.0, '100': 0.0}}",,,,"{'value': 2, 'displayName': 'SecondHalf'}",71.0,425319.0,15
14,483208,38,Marc Guiu,Sub,187,82,18,,False,home,"{'possession': {'78': 1.0, '91': 1.0, '93': 1.0, '95': 1.0}, 'ratings': {'71': 6.0, '78': 5.99, '89': 5.89, '91': 5.89, '93': 5.88, '95': 5.88}, 'touches': {'78': 1.0, '91': 1.0, '93': 3.0, '95': 1.0}, 'passesTotal': {'91': 1.0, '93': 1.0, '95': 1.0, '78': 1.0}, 'passesAccurate': {'91': 1.0, '93': 1.0, '95': 1.0}, 'passSuccess': {'91': 100.0, '93': 100.0, '95': 100.0, '78': 0.0}, 'dribblesAttempted': {'93': 1.0}, 'dribblesLost': {'93': 1.0}}",,,,"{'value': 2, 'displayName': 'SecondHalf'}",71.0,426050.0,15
15,404749,12,Filip Jørgensen,Sub,190,0,22,,False,home,{},,,,,,,15
16,365406,5,Benoît Badiashile,Sub,194,75,23,,False,home,{},,,,,,,15
17,409376,10,Mykhailo Mudryk,Sub,175,61,23,,False,home,{},,,,,,,15
18,136464,4,Tosin Adarabioyo,Sub,196,80,27,,False,home,{},,,,,,,15
19,389935,11,Noni Madueke,Sub,182,75,22,,False,home,{},,,,,,,15
0,121774,31,Ederson,GK,188,86,31,True,False,away,"{'totalSaves': {'43': 1.0, '66': 1.0, '100': 1.0}, 'parriedSafe': {'100': 1.0}, 'parriedDanger': {'43': 1.0, '66': 1.0}, 'possession': {'0': 1.0, '5': 1.0, '6': 1.0, '9': 2.0, '14': 1.0, '16': 1.0, '17': 1.0, '21': 1.0, '28': 1.0, '33': 2.0, '42': 1.0, '43': 1.0, '45': 2.0, '49': 1.0, '51': 2.0, '53': 2.0, '54': 1.0, '56': 1.0, '57': 1.0, '58': 1.0, '68': 1.0, '74': 1.0, '75': 2.0, '81': 2.0, '84': 1.0, '87': 1.0, '88': 1.0, '94': 2.0, '96': 1.0, '98': 1.0, '100': 1.0}, 'ratings': {'0': 6.01, '5': 6.01, '6': 6.0, '9': 6.01, '14': 6.01, '16': 6.01, '17': 6.06, '21': 6.06, '28': 6.07, '33': 6.08, '42': 6.08, '43': 6.35, '45': 6.34, '48': 6.35, '49': 6.35, '51': 6.37, '53': 6.37, '54': 6.37, '56': 6.38, '57': 6.38, '58': 6.37, '66': 6.57, '67': 6.57, '74': 6.58, '75': 6.58, '81': 6.58, '84': 6.57, '87': 6.56, '88': 6.57, '89': 6.62, '94': 6.63, '96': 6.64, '98': 6.66, '100': 6.75, '101': 7.09}, 'touches': {'0': 1.0, '5': 1.0, '6': 1.0, '9': 2.0, '14': 1.0, '16': 1.0, '17': 1.0, '21': 1.0, '28': 1.0, '33': 2.0, '42': 1.0, '43': 2.0, '45': 2.0, '49': 1.0, '51': 2.0, '53': 2.0, '54': 1.0, '56': 1.0, '57': 1.0, '58': 1.0, '66': 1.0, '68': 1.0, '74': 1.0, '75': 2.0, '76': 1.0, '81': 2.0, '84': 1.0, '87': 1.0, '88': 1.0, '94': 2.0, '96': 1.0, '98': 1.0, '100': 2.0}, 'passesTotal': {'0': 1.0, '5': 1.0, '9': 2.0, '14': 1.0, '16': 1.0, '17': 1.0, '21': 1.0, '33': 1.0, '42': 1.0, '43': 1.0, '45': 2.0, '49': 1.0, '51': 1.0, '53': 2.0, '54': 1.0, '57': 1.0, '74': 1.0, '75': 2.0, '81': 2.0, '88': 1.0, '94': 2.0, '96': 1.0, '98': 1.0, '6': 1.0, '58': 1.0, '84': 1.0, '87': 1.0, '100': 1.0}, 'passesAccurate': {'0': 1.0, '5': 1.0, '9': 2.0, '14': 1.0, '16': 1.0, '17': 1.0, '21': 1.0, '33': 1.0, '42': 1.0, '43': 1.0, '45': 1.0, '49': 1.0, '51': 1.0, '53': 2.0, '54': 1.0, '57': 1.0, '74': 1.0, '75': 2.0, '81': 2.0, '88': 1.0, '94': 2.0, '96': 1.0, '98': 1.0}, 'passSuccess': {'0': 100.0, '5': 100.0, '9': 100.0, '14': 100.0, '16': 100.0, '17': 100.0, '21': 100.0, '33': 100.0, '42': 100.0, '43': 100.0, '45': 50.0, '49': 100.0, '51': 100.0, '53': 100.0, '54': 100.0, '57': 100.0, '74': 100.0, '75': 100.0, '81': 100.0, '88': 100.0, '94': 100.0, '96': 100.0, '98': 100.0, '6': 0.0, '58': 0.0, '84': 0.0, '87': 0.0, '100': 0.0}}",,,,,,,167
1,402664,24,Josko Gvardiol,DC,185,80,22,True,False,away,"{'possession': {'2': 1.0, '7': 2.0, '10': 2.0, '13': 1.0, '14': 1.0, '16': 3.0, '17': 3.0, '20': 1.0, '21': 1.0, '25': 2.0, '30': 3.0, '33': 1.0, '35': 3.0, '42': 4.0, '43': 1.0, '47': 2.0, '51': 4.0, '52': 1.0, '53': 2.0, '54': 2.0, '56': 2.0, '57': 1.0, '62': 1.0, '64': 1.0, '68': 2.0, '69': 3.0, '70': 1.0, '74': 6.0, '75': 1.0, '77': 1.0, '78': 1.0, '80': 1.0, '86': 1.0, '87': 1.0, '94': 1.0, '95': 1.0}, 'ratings': {'0': 6.0, '2': 5.99, '4': 6.07, '7': 6.08, '8': 6.18, '10': 6.19, '13': 6.3, '14': 6.3, '16': 6.31, '17': 6.38, '20': 6.39, '21': 6.39, '25': 6.39, '30': 6.4, '33': 6.45, '35': 6.45, '42': 6.47, '43': 6.47, '47': 6.48, '48': 6.61, '51': 6.71, '52': 6.72, '53': 6.72, '54': 6.71, '56': 6.72, '57': 6.72, '62': 6.72, '64': 6.72, '66': 6.77, '68': 6.78, '69': 6.79, '70': 6.79, '73': 6.84, '74': 6.85, '75': 6.85, '77': 6.83, '78': 6.84, '80': 6.94, '83': 6.99, '86': 6.99, '87': 6.99, '89': 7.06, '94': 7.07, '95': 7.24, '97': 7.29, '101': 7.56}, 'shotsTotal': {'37': 1.0}, 'shotsBlocked': {'37': 1.0}, 'clearances': {'33': 1.0, '66': 1.0, '73': 1.0, '83': 1.0}, 'interceptions': {'8': 1.0, '13': 1.0, '51': 1.0, '80': 1.0}, 'touches': {'1': 1.0, '2': 1.0, '4': 1.0, '7': 2.0, '8': 1.0, '10': 2.0, '13': 2.0, '14': 1.0, '16': 3.0, '17': 3.0, '20': 1.0, '21': 1.0, '23': 1.0, '25': 2.0, '30': 3.0, '33': 2.0, '35': 3.0, '37': 1.0, '42': 4.0, '43': 1.0, '47': 2.0, '48': 1.0, '51': 5.0, '52': 1.0, '53': 2.0, '54': 2.0, '56': 2.0, '57': 2.0, '62': 2.0, '64': 1.0, '66': 1.0, '68': 2.0, '69': 3.0, '70': 1.0, '73': 1.0, '74': 6.0, '75': 1.0, '77': 2.0, '78': 2.0, '80': 2.0, '83': 1.0, '86': 1.0, '87': 1.0, '94': 1.0, '95': 2.0, '97': 1.0}, 'passesTotal': {'7': 2.0, '10': 2.0, '13': 1.0, '14': 1.0, '16': 3.0, '17': 3.0, '20': 1.0, '21': 1.0, '25': 2.0, '30': 3.0, '33': 1.0, '35': 3.0, '42': 4.0, '43': 1.0, '47': 2.0, '51': 4.0, '52': 1.0, '53': 2.0, '54': 2.0, '56': 2.0, '57': 1.0, '62': 1.0, '64': 1.0, '68': 2.0, '69': 3.0, '70': 1.0, '74': 6.0, '75': 1.0, '78': 1.0, '80': 1.0, '86': 1.0, '87': 1.0, '94': 1.0, '95': 1.0, '2': 1.0, '77': 1.0}, 'passesAccurate': {'7': 2.0, '10': 2.0, '13': 1.0, '14': 1.0, '16': 3.0, '17': 3.0, '20': 1.0, '21': 1.0, '25': 2.0, '30': 3.0, '33': 1.0, '35': 3.0, '42': 4.0, '43': 1.0, '47': 2.0, '51': 3.0, '52': 1.0, '53': 2.0, '54': 1.0, '56': 2.0, '57': 1.0, '62': 1.0, '64': 1.0, '68': 2.0, '69': 3.0, '70': 1.0, '74': 5.0, '75': 1.0, '78': 1.0, '80': 1.0, '86': 1.0, '87': 1.0, '94': 1.0, '95': 1.0}, 'passSuccess': {'7': 100.0, '10': 100.0, '13': 100.0, '14': 100.0, '16': 100.0, '17': 100.0, '20': 100.0, '21': 100.0, '25': 100.0, '30': 100.0, '33': 100.0, '35': 100.0, '42': 100.0, '43': 100.0, '47': 100.0, '51': 75.0, '52': 100.0, '53': 100.0, '54': 50.0, '56': 100.0, '57': 100.0, '62': 100.0, '64': 100.0, '68': 100.0, '69': 100.0, '70': 100.0, '74': 83.33, '75': 100.0, '78': 100.0, '80': 100.0, '86': 100.0, '87': 100.0, '94': 100.0, '95': 100.0, '2': 0.0, '77': 0.0}, 'throwInsTotal': {'1': 1.0, '57': 1.0, '77': 1.0, '78': 1.0}, 'throwInsAccurate': {'1': 1.0, '57': 1.0, '77': 1.0, '78': 1.0}, 'tacklesTotal': {'48': 1.0, '4': 1.0}, 'tackleSuccessful': {'48': 1.0, '4': 1.0}, 'tackleSuccess': {'48': 100.0, '4': 100.0}, 'dribblesWon': {'95': 1.0}, 'dribblesAttempted': {'95': 1.0}, 'dribbleSuccess': {'95': 100.0}}",,,,,,,167
2,313171,3,Rúben Dias,DC,187,76,27,True,False,away,"{'possession': {'0': 1.0, '1': 1.0, '2': 1.0, '3': 2.0, '5': 2.0, '6': 1.0, '7': 2.0, '9': 1.0, '14': 2.0, '16': 2.0, '17': 1.0, '20': 1.0, '22': 1.0, '24': 1.0, '25': 2.0, '30': 2.0, '33': 2.0, '35': 2.0, '42': 4.0, '43': 2.0, '47': 1.0, '51': 1.0, '53': 4.0, '54': 2.0, '56': 1.0, '57': 2.0, '58': 1.0, '62': 1.0, '64': 1.0, '68': 1.0, '70': 1.0, '74': 5.0, '75': 3.0, '81': 3.0, '84': 2.0, '86': 1.0, '87': 4.0, '89': 1.0, '93': 1.0, '94': 1.0, '101': 1.0}, 'ratings': {'0': 6.0, '1': 6.0, '2': 6.0, '3': 6.01, '5': 6.0, '6': 6.0, '7': 6.0, '9': 6.0, '13': 6.04, '14': 6.04, '16': 6.04, '17': 6.11, '20': 6.12, '22': 6.12, '24': 6.12, '25': 6.12, '27': 6.17, '30': 6.18, '33': 6.18, '34': 6.19, '35': 6.2, '42': 6.2, '43': 6.21, '47': 6.3, '48': 6.39, '51': 6.39, '53': 6.39, '54': 6.4, '56': 6.4, '57': 6.41, '58': 6.41, '62': 6.42, '64': 6.42, '68': 6.42, '70': 6.42, '74': 6.43, '75': 6.43, '81': 6.42, '82': 6.62, '83': 6.67, '84': 6.68, '86': 6.68, '87': 6.68, '89': 6.75, '93': 6.86, '94': 6.86, '101': 7.13}, 'clearances': {'27': 1.0, '83': 1.0}, 'interceptions': {'82': 1.0, '93': 1.0}, 'touches': {'0': 1.0, '1': 1.0, '2': 1.0, '3': 2.0, '5': 2.0, '6': 1.0, '7': 2.0, '9': 1.0, '13': 2.0, '14': 2.0, '16': 2.0, '17': 1.0, '20': 1.0, '22': 1.0, '24': 1.0, '25': 2.0, '27': 1.0, '30': 2.0, '33': 2.0, '35': 2.0, '42': 4.0, '43': 2.0, '47': 2.0, '48': 1.0, '50': 1.0, '51': 1.0, '53': 4.0, '54': 3.0, '56': 1.0, '57': 2.0, '58': 1.0, '62': 1.0, '64': 1.0, '68': 1.0, '70': 1.0, '74': 5.0, '75': 3.0, '81': 3.0, '82': 1.0, '83': 1.0, '84': 2.0, '86': 1.0, '87': 4.0, '89': 1.0, '93': 2.0, '94': 1.0, '101': 1.0}, 'passesTotal': {'0': 1.0, '1': 1.0, '2': 1.0, '3': 2.0, '5': 2.0, '6': 1.0, '7': 2.0, '9': 1.0, '14': 2.0, '16': 2.0, '17': 1.0, '20': 1.0, '22': 1.0, '24': 1.0, '25': 2.0, '30': 2.0, '33': 2.0, '35': 2.0, '42': 4.0, '43': 2.0, '47': 1.0, '51': 1.0, '53': 4.0, '54': 2.0, '56': 1.0, '57': 2.0, '58': 1.0, '62': 1.0, '64': 1.0, '68': 1.0, '70': 1.0, '74': 5.0, '75': 3.0, '81': 3.0, '84': 2.0, '86': 1.0, '87': 4.0, '89': 1.0, '93': 1.0, '94': 1.0, '101': 1.0}, 'passesAccurate': {'0': 1.0, '1': 1.0, '2': 1.0, '3': 2.0, '5': 1.0, '6': 1.0, '7': 2.0, '9': 1.0, '14': 2.0, '16': 2.0, '17': 1.0, '20': 1.0, '22': 1.0, '24': 1.0, '25': 2.0, '30': 2.0, '33': 2.0, '35': 2.0, '42': 4.0, '43': 2.0, '47': 1.0, '51': 1.0, '53': 4.0, '54': 2.0, '56': 1.0, '57': 2.0, '58': 1.0, '62': 1.0, '64': 1.0, '68': 1.0, '70': 1.0, '74': 5.0, '75': 3.0, '81': 2.0, '84': 2.0, '86': 1.0, '87': 4.0, '89': 1.0, '93': 1.0, '94': 1.0, '101': 1.0}, 'passSuccess': {'0': 100.0, '1': 100.0, '2': 100.0, '3': 100.0, '5': 50.0, '6': 100.0, '7': 100.0, '9': 100.0, '14': 100.0, '16': 100.0, '17': 100.0, '20': 100.0, '22': 100.0, '24': 100.0, '25': 100.0, '30': 100.0, '33': 100.0, '35': 100.0, '42': 100.0, '43': 100.0, '47': 100.0, '51': 100.0, '53': 100.0, '54': 100.0, '56': 100.0, '57': 100.0, '58': 100.0, '62': 100.0, '64': 100.0, '68': 100.0, '70': 100.0, '74': 100.0, '75': 100.0, '81': 66.67, '84': 100.0, '86': 100.0, '87': 100.0, '89': 100.0, '93': 100.0, '94': 100.0, '101': 100.0}, 'aerialsTotal': {'47': 1.0}, 'aerialsWon': {'47': 1.0}, 'offensiveAerials': {'47': 1.0}, 'tacklesTotal': {'48': 1.0}, 'tackleSuccessful': {'48': 1.0}, 'tackleSuccess': {'48': 100.0}}",,,,,,,167
3,297390,25,Manuel Akanji,DC,186,91,29,True,False,away,"{'possession': {'0': 1.0, '1': 1.0, '2': 1.0, '3': 2.0, '5': 2.0, '9': 1.0, '10': 1.0, '12': 1.0, '14': 2.0, '15': 1.0, '16': 2.0, '17': 1.0, '21': 2.0, '22': 2.0, '25': 1.0, '27': 1.0, '30': 1.0, '33': 2.0, '35': 1.0, '36': 1.0, '42': 2.0, '43': 1.0, '45': 1.0, '47': 1.0, '49': 1.0, '51': 1.0, '52': 3.0, '53': 2.0, '54': 2.0, '57': 2.0, '58': 3.0, '59': 1.0, '62': 1.0, '63': 1.0, '64': 1.0, '68': 2.0, '69': 1.0, '70': 1.0, '72': 2.0, '74': 2.0, '75': 2.0, '81': 3.0, '84': 1.0, '86': 1.0, '87': 4.0, '88': 1.0, '89': 1.0, '94': 3.0}, 'ratings': {'0': 6.0, '1': 6.0, '2': 6.01, '3': 6.01, '5': 6.01, '9': 6.01, '10': 6.02, '12': 6.02, '14': 6.02, '15': 6.02, '16': 6.04, '17': 6.11, '21': 6.11, '22': 6.12, '25': 6.14, '27': 6.14, '29': 6.32, '30': 6.32, '33': 6.33, '35': 6.34, '36': 6.32, '38': 6.41, '42': 6.41, '43': 6.43, '45': 6.43, '47': 6.43, '49': 6.44, '51': 6.45, '52': 6.45, '53': 6.46, '54': 6.52, '55': 6.5, '57': 6.51, '58': 6.52, '59': 6.52, '62': 6.52, '63': 6.49, '64': 6.5, '68': 6.5, '69': 6.5, '70': 6.5, '72': 6.5, '74': 6.5, '75': 6.49, '81': 6.5, '83': 6.55, '84': 6.55, '86': 6.55, '87': 6.56, '88': 6.56, '89': 6.63, '94': 6.63, '101': 6.9}, 'clearances': {'29': 1.0, '54': 1.0, '83': 1.0}, 'touches': {'0': 1.0, '1': 1.0, '2': 1.0, '3': 2.0, '5': 2.0, '9': 1.0, '10': 1.0, '12': 1.0, '14': 2.0, '15': 1.0, '16': 2.0, '17': 1.0, '21': 2.0, '22': 2.0, '25': 2.0, '27': 1.0, '29': 2.0, '30': 1.0, '33': 2.0, '35': 1.0, '36': 1.0, '38': 1.0, '42': 2.0, '43': 1.0, '45': 1.0, '47': 1.0, '49': 1.0, '51': 1.0, '52': 3.0, '53': 2.0, '54': 3.0, '57': 2.0, '58': 3.0, '59': 1.0, '62': 1.0, '63': 2.0, '64': 1.0, '68': 2.0, '69': 1.0, '70': 1.0, '72': 2.0, '74': 2.0, '75': 2.0, '81': 3.0, '83': 1.0, '84': 1.0, '86': 1.0, '87': 4.0, '88': 1.0, '89': 1.0, '94': 3.0}, 'passesTotal': {'0': 1.0, '1': 1.0, '2': 1.0, '3': 2.0, '5': 2.0, '9': 1.0, '10': 1.0, '12': 1.0, '14': 2.0, '15': 1.0, '16': 2.0, '17': 1.0, '21': 2.0, '22': 2.0, '27': 1.0, '30': 1.0, '33': 2.0, '35': 1.0, '36': 1.0, '42': 2.0, '43': 1.0, '45': 1.0, '47': 1.0, '49': 1.0, '51': 1.0, '52': 3.0, '53': 2.0, '54': 2.0, '57': 2.0, '58': 3.0, '59': 1.0, '62': 1.0, '63': 1.0, '64': 1.0, '68': 2.0, '69': 1.0, '70': 1.0, '72': 2.0, '74': 2.0, '75': 2.0, '81': 3.0, '84': 1.0, '86': 1.0, '87': 4.0, '88': 1.0, '89': 1.0, '94': 3.0, '25': 1.0}, 'passesAccurate': {'0': 1.0, '1': 1.0, '2': 1.0, '3': 1.0, '5': 2.0, '9': 1.0, '10': 1.0, '12': 1.0, '14': 2.0, '15': 1.0, '16': 2.0, '17': 1.0, '21': 2.0, '22': 2.0, '27': 1.0, '30': 1.0, '33': 2.0, '35': 1.0, '36': 1.0, '42': 2.0, '43': 1.0, '45': 1.0, '47': 1.0, '49': 1.0, '51': 1.0, '52': 3.0, '53': 2.0, '54': 2.0, '57': 2.0, '58': 3.0, '59': 1.0, '62': 1.0, '63': 1.0, '64': 1.0, '68': 2.0, '69': 1.0, '70': 1.0, '72': 1.0, '74': 2.0, '75': 1.0, '81': 3.0, '84': 1.0, '86': 1.0, '87': 4.0, '88': 1.0, '89': 1.0, '94': 3.0}, 'passSuccess': {'0': 100.0, '1': 100.0, '2': 100.0, '3': 50.0, '5': 100.0, '9': 100.0, '10': 100.0, '12': 100.0, '14': 100.0, '15': 100.0, '16': 100.0, '17': 100.0, '21': 100.0, '22': 100.0, '27': 100.0, '30': 100.0, '33': 100.0, '35': 100.0, '36': 100.0, '42': 100.0, '43': 100.0, '45': 100.0, '47': 100.0, '49': 100.0, '51': 100.0, '52': 100.0, '53': 100.0, '54': 100.0, '57': 100.0, '58': 100.0, '59': 100.0, '62': 100.0, '63': 100.0, '64': 100.0, '68': 100.0, '69': 100.0, '70': 100.0, '72': 50.0, '74': 100.0, '75': 50.0, '81': 100.0, '84': 100.0, '86': 100.0, '87': 100.0, '88': 100.0, '89': 100.0, '94': 100.0, '25': 0.0}, 'foulsCommited': {'36': 1.0, '55': 1.0}, 'tacklesTotal': {'29': 1.0}, 'tackleSuccessful': {'29': 1.0}, 'tackleSuccess': {'29': 100.0}}",,,,,,,167
4,93894,8,Mateo Kovacic,DMC,177,78,30,True,True,away,"{'possession': {'0': 2.0, '2': 1.0, '3': 1.0, '7': 1.0, '12': 1.0, '14': 3.0, '16': 3.0, '21': 2.0, '22': 3.0, '25': 2.0, '28': 1.0, '30': 1.0, '33': 2.0, '36': 1.0, '37': 2.0, '39': 1.0, '43': 1.0, '47': 1.0, '52': 2.0, '56': 3.0, '57': 2.0, '58': 5.0, '59': 2.0, '62': 3.0, '64': 2.0, '68': 1.0, '69': 3.0, '70': 2.0, '74': 1.0, '80': 1.0, '81': 2.0, '86': 1.0, '87': 1.0, '88': 1.0, '89': 2.0, '91': 1.0, '94': 1.0, '96': 1.0}, 'ratings': {'0': 6.0, '2': 6.01, '3': 6.01, '7': 6.01, '12': 6.15, '14': 6.16, '16': 6.17, '17': 6.27, '21': 6.27, '22': 6.26, '23': 6.31, '25': 6.29, '28': 6.29, '30': 6.29, '33': 6.29, '36': 6.3, '37': 6.44, '39': 6.44, '43': 6.41, '46': 6.49, '47': 6.5, '52': 6.49, '54': 6.64, '56': 6.64, '57': 6.65, '58': 6.66, '59': 6.66, '62': 6.68, '64': 6.65, '65': 6.83, '68': 6.83, '69': 6.98, '70': 6.98, '74': 6.99, '80': 6.99, '81': 7.0, '82': 6.98, '86': 6.98, '87': 6.99, '88': 6.99, '89': 8.24, '91': 8.22, '93': 8.3, '94': 8.3, '96': 8.31, '97': 8.28, '101': 8.48}, 'shotsTotal': {'34': 1.0, '89': 1.0}, 'shotsOnTarget': {'89': 1.0}, 'shotsBlocked': {'34': 1.0}, 'clearances': {'23': 1.0, '65': 1.0}, 'touches': {'0': 2.0, '2': 1.0, '3': 1.0, '7': 1.0, '12': 2.0, '14': 3.0, '16': 3.0, '21': 2.0, '22': 3.0, '23': 1.0, '25': 3.0, '27': 1.0, '28': 1.0, '30': 1.0, '33': 2.0, '34': 1.0, '36': 1.0, '37': 3.0, '39': 1.0, '43': 2.0, '46': 1.0, '47': 1.0, '51': 1.0, '52': 2.0, '54': 3.0, '56': 3.0, '57': 2.0, '58': 5.0, '59': 2.0, '62': 3.0, '64': 3.0, '65': 2.0, '68': 1.0, '69': 4.0, '70': 2.0, '74': 1.0, '80': 1.0, '81': 2.0, '82': 2.0, '86': 1.0, '87': 1.0, '88': 1.0, '89': 4.0, '91': 1.0, '93': 1.0, '94': 1.0, '96': 1.0}, 'passesTotal': {'0': 2.0, '2': 1.0, '3': 1.0, '7': 1.0, '12': 1.0, '14': 3.0, '16': 3.0, '21': 2.0, '22': 3.0, '25': 2.0, '28': 1.0, '30': 1.0, '33': 2.0, '36': 1.0, '37': 2.0, '39': 1.0, '43': 1.0, '47': 1.0, '52': 2.0, '56': 3.0, '57': 2.0, '58': 5.0, '59': 2.0, '62': 3.0, '64': 2.0, '68': 1.0, '69': 3.0, '70': 2.0, '74': 1.0, '80': 1.0, '81': 2.0, '86': 1.0, '87': 1.0, '88': 1.0, '89': 2.0, '94': 1.0, '96': 1.0, '91': 1.0}, 'passesAccurate': {'0': 2.0, '2': 1.0, '3': 1.0, '7': 1.0, '12': 1.0, '14': 3.0, '16': 3.0, '21': 2.0, '22': 2.0, '25': 2.0, '28': 1.0, '30': 1.0, '33': 2.0, '36': 1.0, '37': 2.0, '39': 1.0, '43': 1.0, '47': 1.0, '52': 1.0, '56': 3.0, '57': 2.0, '58': 5.0, '59': 2.0, '62': 3.0, '64': 2.0, '68': 1.0, '69': 3.0, '70': 2.0, '74': 1.0, '80': 1.0, '81': 2.0, '86': 1.0, '87': 1.0, '88': 1.0, '89': 2.0, '94': 1.0, '96': 1.0}, 'passSuccess': {'0': 100.0, '2': 100.0, '3': 100.0, '7': 100.0, '12': 100.0, '14': 100.0, '16': 100.0, '21': 100.0, '22': 66.67, '25': 100.0, '28': 100.0, '30': 100.0, '33': 100.0, '36': 100.0, '37': 100.0, '39': 100.0, '43': 100.0, '47': 100.0, '52': 50.0, '56': 100.0, '57': 100.0, '58': 100.0, '59': 100.0, '62': 100.0, '64': 100.0, '68': 100.0, '69': 100.0, '70': 100.0, '74': 100.0, '80': 100.0, '81': 100.0, '86': 100.0, '87': 100.0, '88': 100.0, '89': 100.0, '94': 100.0, '96': 100.0, '91': 0.0}, 'tacklesTotal': {'12': 1.0, '37': 1.0, '65': 1.0, '69': 1.0, '46': 1.0, '93': 1.0, '97': 1.0}, 'tackleSuccessful': {'12': 1.0, '37': 1.0, '65': 1.0, '69': 1.0, '46': 1.0, '93': 1.0}, 'tackleUnsuccesful': {'97': 1.0}, 'tackleSuccess': {'12': 100.0, '37': 100.0, '65': 100.0, '69': 100.0, '46': 100.0, '93': 100.0, '97': 0.0}, 'dribbledPast': {'97': 1.0}, 'dribblesWon': {'54': 1.0, '89': 1.0}, 'dribblesAttempted': {'54': 2.0, '89': 1.0, '82': 1.0}, 'dribblesLost': {'54': 1.0, '82': 1.0}, 'dribbleSuccess': {'54': 50.0, '89': 100.0, '82': 0.0}, 'dispossessed': {'25': 1.0, '43': 1.0, '64': 1.0}}",,,,,,,167
5,444791,82,Rico Lewis,DMC,169,0,19,True,False,away,"{'possession': {'0': 1.0, '1': 1.0, '3': 1.0, '10': 1.0, '11': 1.0, '12': 3.0, '21': 2.0, '22': 2.0, '27': 1.0, '29': 1.0, '33': 1.0, '35': 1.0, '37': 2.0, '52': 2.0, '60': 1.0, '62': 2.0, '64': 2.0, '66': 1.0, '68': 2.0, '74': 1.0, '78': 1.0, '79': 1.0, '81': 2.0, '84': 1.0, '87': 1.0, '88': 1.0, '91': 2.0, '92': 1.0, '94': 1.0, '96': 1.0}, 'ratings': {'0': 6.0, '1': 6.0, '3': 6.04, '4': 6.12, '10': 6.12, '11': 6.12, '12': 6.11, '15': 6.1, '17': 6.2, '21': 6.18, '22': 6.19, '27': 6.17, '29': 6.27, '32': 6.32, '33': 6.3, '35': 6.3, '37': 6.31, '43': 6.28, '50': 6.36, '52': 6.37, '55': 6.45, '59': 6.43, '60': 6.43, '62': 6.43, '64': 6.49, '66': 6.48, '68': 6.48, '74': 6.48, '78': 6.49, '79': 6.48, '81': 6.65, '84': 6.66, '87': 6.66, '88': 6.66, '89': 6.76, '91': 6.74, '92': 6.72, '94': 6.72, '96': 6.72, '101': 6.92}, 'clearances': {'32': 1.0, '64': 1.0}, 'interceptions': {'29': 1.0}, 'touches': {'0': 2.0, '1': 1.0, '3': 2.0, '4': 1.0, '7': 1.0, '10': 1.0, '11': 1.0, '12': 3.0, '15': 2.0, '21': 3.0, '22': 2.0, '27': 1.0, '29': 2.0, '32': 1.0, '33': 2.0, '35': 1.0, '37': 2.0, '43': 2.0, '50': 1.0, '52': 2.0, '55': 1.0, '60': 1.0, '62': 3.0, '64': 4.0, '66': 1.0, '68': 2.0, '74': 1.0, '78': 1.0, '79': 1.0, '81': 3.0, '84': 1.0, '86': 1.0, '87': 1.0, '88': 2.0, '91': 3.0, '92': 2.0, '94': 1.0, '96': 1.0}, 'passesTotal': {'0': 1.0, '3': 1.0, '12': 3.0, '21': 2.0, '22': 2.0, '33': 1.0, '35': 1.0, '37': 2.0, '52': 2.0, '62': 2.0, '64': 2.0, '68': 2.0, '74': 1.0, '78': 1.0, '81': 2.0, '84': 1.0, '87': 1.0, '88': 1.0, '94': 1.0, '96': 1.0, '1': 1.0, '10': 1.0, '11': 1.0, '27': 1.0, '29': 1.0, '60': 1.0, '66': 1.0, '79': 1.0, '91': 2.0, '92': 1.0}, 'passesAccurate': {'0': 1.0, '3': 1.0, '12': 2.0, '21': 2.0, '22': 2.0, '33': 1.0, '35': 1.0, '37': 2.0, '52': 2.0, '62': 2.0, '64': 2.0, '68': 2.0, '74': 1.0, '78': 1.0, '81': 2.0, '84': 1.0, '87': 1.0, '88': 1.0, '94': 1.0, '96': 1.0}, 'passSuccess': {'0': 100.0, '3': 100.0, '12': 66.67, '21': 100.0, '22': 100.0, '33': 100.0, '35': 100.0, '37': 100.0, '52': 100.0, '62': 100.0, '64': 100.0, '68': 100.0, '74': 100.0, '78': 100.0, '81': 100.0, '84': 100.0, '87': 100.0, '88': 100.0, '94': 100.0, '96': 100.0, '1': 0.0, '10': 0.0, '11': 0.0, '27': 0.0, '29': 0.0, '60': 0.0, '66': 0.0, '79': 0.0, '91': 0.0, '92': 0.0}, 'aerialsTotal': {'59': 1.0}, 'defensiveAerials': {'59': 1.0}, 'cornersTotal': {'79': 1.0}, 'throwInsTotal': {'0': 1.0, '7': 1.0, '43': 1.0, '62': 1.0, '64': 1.0, '86': 1.0, '88': 1.0, '91': 1.0, '92': 1.0}, 'throwInsAccurate': {'0': 1.0, '7': 1.0, '43': 1.0, '62': 1.0, '64': 1.0, '86': 1.0, '88': 1.0, '91': 1.0, '92': 1.0}, 'tacklesTotal': {'4': 1.0, '55': 1.0}, 'tackleSuccessful': {'4': 1.0, '55': 1.0}, 'tackleSuccess': {'4': 100.0, '55': 100.0}, 'dribblesWon': {'81': 1.0}, 'dribblesAttempted': {'81': 1.0, '15': 1.0, '33': 1.0}, 'dribblesLost': {'15': 1.0, '33': 1.0}, 'dribbleSuccess': {'81': 100.0, '15': 0.0, '33': 0.0}, 'dispossessed': {'21': 1.0, '43': 1.0}}",,,,,,,167
6,388098,11,Jérémy Doku,AMR,173,66,22,True,False,away,"{'possession': {'0': 1.0, '3': 1.0, '10': 1.0, '12': 3.0, '15': 1.0, '17': 1.0, '20': 1.0, '21': 1.0, '28': 3.0, '37': 1.0, '39': 3.0, '47': 1.0, '52': 1.0, '56': 2.0, '57': 1.0, '62': 1.0, '65': 1.0, '68': 1.0, '69': 1.0, '70': 1.0, '73': 1.0, '76': 1.0, '80': 1.0, '81': 1.0, '86': 1.0, '88': 1.0, '89': 1.0, '93': 1.0, '95': 1.0}, 'ratings': {'0': 5.99, '3': 5.98, '10': 5.9, '12': 5.89, '15': 5.89, '16': 5.91, '17': 6.05, '20': 6.06, '21': 6.06, '24': 6.08, '26': 6.06, '28': 6.08, '36': 6.25, '37': 6.34, '39': 6.32, '47': 6.44, '51': 6.43, '52': 6.43, '56': 6.57, '57': 6.58, '60': 6.55, '62': 6.55, '65': 6.55, '68': 6.55, '69': 6.64, '70': 6.64, '73': 6.65, '74': 6.78, '76': 6.94, '80': 6.94, '81': 6.94, '86': 7.11, '88': 7.11, '89': 7.23, '93': 7.24, '94': 7.28, '95': 7.6, '98': 7.62, '99': 7.55, '101': 7.64}, 'shotsTotal': {'10': 1.0, '36': 1.0}, 'shotsOnTarget': {'36': 1.0}, 'shotsOffTarget': {'10': 1.0}, 'touches': {'0': 2.0, '2': 1.0, '3': 1.0, '10': 4.0, '12': 3.0, '15': 1.0, '16': 2.0, '17': 1.0, '20': 1.0, '21': 1.0, '24': 2.0, '26': 1.0, '28': 3.0, '36': 2.0, '37': 2.0, '39': 4.0, '47': 3.0, '51': 1.0, '52': 1.0, '56': 4.0, '57': 1.0, '60': 1.0, '62': 1.0, '65': 1.0, '68': 1.0, '69': 1.0, '70': 1.0, '73': 1.0, '74': 1.0, '76': 2.0, '80': 1.0, '81': 1.0, '86': 2.0, '88': 1.0, '89': 1.0, '93': 1.0, '94': 1.0, '95': 3.0, '98': 2.0, '99': 2.0}, 'passesTotal': {'0': 1.0, '10': 1.0, '12': 3.0, '15': 1.0, '17': 1.0, '20': 1.0, '21': 1.0, '28': 3.0, '37': 1.0, '39': 3.0, '52': 1.0, '56': 2.0, '57': 1.0, '62': 1.0, '68': 1.0, '70': 1.0, '73': 1.0, '80': 1.0, '86': 1.0, '88': 1.0, '93': 1.0, '65': 1.0, '76': 1.0, '81': 1.0, '95': 1.0}, 'passesAccurate': {'0': 1.0, '10': 1.0, '12': 3.0, '15': 1.0, '17': 1.0, '20': 1.0, '21': 1.0, '28': 3.0, '37': 1.0, '39': 2.0, '52': 1.0, '56': 2.0, '57': 1.0, '62': 1.0, '68': 1.0, '70': 1.0, '73': 1.0, '80': 1.0, '86': 1.0, '88': 1.0, '93': 1.0}, 'passesKey': {'37': 1.0}, 'passSuccess': {'0': 100.0, '10': 100.0, '12': 100.0, '15': 100.0, '17': 100.0, '20': 100.0, '21': 100.0, '28': 100.0, '37': 100.0, '39': 66.67, '52': 100.0, '56': 100.0, '57': 100.0, '62': 100.0, '68': 100.0, '70': 100.0, '73': 100.0, '80': 100.0, '86': 100.0, '88': 100.0, '93': 100.0, '65': 0.0, '76': 0.0, '81': 0.0, '95': 0.0}, 'cornersTotal': {'36': 1.0}, 'offsidesCaught': {'99': 1.0}, 'foulsCommited': {'12': 1.0}, 'tacklesTotal': {'74': 1.0}, 'tackleSuccessful': {'74': 1.0}, 'tackleSuccess': {'74': 100.0}, 'dribblesWon': {'47': 1.0, '56': 1.0, '76': 1.0, '86': 1.0, '95': 2.0}, 'dribblesAttempted': {'47': 1.0, '56': 1.0, '76': 1.0, '86': 1.0, '95': 2.0, '0': 1.0, '10': 1.0, '16': 1.0, '24': 1.0, '26': 1.0, '39': 1.0, '51': 1.0, '98': 1.0, '99': 1.0}, 'dribblesLost': {'0': 1.0, '10': 1.0, '16': 1.0, '24': 1.0, '26': 1.0, '39': 1.0, '51': 1.0, '98': 1.0, '99': 1.0}, 'dribbleSuccess': {'47': 100.0, '56': 100.0, '76': 100.0, '86': 100.0, '95': 100.0, '0': 0.0, '10': 0.0, '16': 0.0, '24': 0.0, '26': 0.0, '39': 0.0, '51': 0.0, '98': 0.0, '99': 0.0}, 'dispossessed': {'56': 1.0, '99': 1.0}}",,,,,,,167
7,73084,17,Kevin De Bruyne,AMC,181,68,33,True,False,away,"{'possession': {'0': 1.0, '2': 4.0, '8': 1.0, '12': 1.0, '14': 1.0, '15': 1.0, '17': 2.0, '21': 1.0, '22': 1.0, '25': 3.0, '28': 4.0, '30': 2.0, '35': 1.0, '37': 1.0, '39': 1.0, '42': 1.0, '43': 1.0, '47': 1.0, '50': 1.0, '51': 1.0, '52': 1.0, '53': 1.0, '54': 1.0, '56': 2.0, '57': 1.0, '58': 2.0, '65': 1.0, '68': 1.0, '69': 2.0, '70': 1.0, '74': 1.0, '79': 2.0, '80': 2.0, '93': 2.0, '94': 1.0, '95': 2.0, '99': 2.0}, 'ratings': {'0': 6.01, '2': 6.03, '8': 6.02, '12': 6.03, '14': 6.04, '15': 6.03, '17': 6.15, '21': 6.2, '22': 6.2, '25': 6.21, '27': 6.34, '28': 6.36, '30': 6.35, '33': 6.49, '35': 6.5, '37': 6.49, '39': 6.57, '42': 6.58, '43': 6.58, '46': 6.62, '47': 6.62, '50': 6.61, '51': 6.62, '52': 6.61, '53': 6.62, '54': 6.6, '56': 6.6, '57': 6.59, '58': 6.59, '60': 6.69, '65': 6.78, '67': 6.75, '68': 6.75, '69': 6.75, '70': 6.76, '74': 6.79, '78': 6.84, '79': 6.84, '80': 6.85, '83': 6.81, '89': 6.95, '93': 6.95, '94': 6.95, '95': 6.96, '97': 6.94, '99': 6.95, '101': 7.03}, 'shotsTotal': {'21': 1.0, '78': 1.0}, 'shotsOffTarget': {'21': 1.0, '78': 1.0}, 'interceptions': {'60': 1.0}, 'touches': {'0': 1.0, '2': 4.0, '8': 1.0, '12': 1.0, '14': 3.0, '15': 1.0, '17': 2.0, '21': 2.0, '22': 1.0, '25': 3.0, '27': 1.0, '28': 4.0, '30': 2.0, '33': 3.0, '35': 1.0, '37': 1.0, '39': 1.0, '42': 1.0, '43': 1.0, '46': 1.0, '47': 1.0, '50': 1.0, '51': 1.0, '52': 1.0, '53': 1.0, '54': 2.0, '56': 2.0, '57': 1.0, '58': 2.0, '60': 1.0, '65': 1.0, '68': 1.0, '69': 2.0, '70': 1.0, '74': 2.0, '78': 1.0, '79': 2.0, '80': 2.0, '81': 1.0, '83': 1.0, '93': 2.0, '94': 1.0, '95': 2.0, '99': 4.0}, 'passesTotal': {'0': 1.0, '2': 4.0, '12': 1.0, '21': 1.0, '22': 1.0, '25': 3.0, '28': 4.0, '30': 2.0, '35': 1.0, '39': 1.0, '42': 1.0, '43': 1.0, '47': 1.0, '51': 1.0, '53': 1.0, '54': 1.0, '56': 2.0, '58': 2.0, '65': 1.0, '68': 1.0, '69': 2.0, '70': 1.0, '74': 1.0, '79': 2.0, '80': 2.0, '93': 2.0, '94': 1.0, '95': 2.0, '99': 2.0, '14': 1.0, '17': 2.0, '50': 1.0, '57': 1.0}, 'passesAccurate': {'0': 1.0, '2': 4.0, '12': 1.0, '21': 1.0, '22': 1.0, '25': 3.0, '28': 4.0, '30': 1.0, '35': 1.0, '39': 1.0, '42': 1.0, '43': 1.0, '47': 1.0, '51': 1.0, '53': 1.0, '54': 1.0, '56': 1.0, '58': 2.0, '65': 1.0, '68': 1.0, '69': 2.0, '70': 1.0, '74': 1.0, '79': 1.0, '80': 2.0, '93': 2.0, '94': 1.0, '95': 2.0, '99': 2.0}, 'passesKey': {'39': 1.0}, 'passSuccess': {'0': 100.0, '2': 100.0, '12': 100.0, '21': 100.0, '22': 100.0, '25': 100.0, '28': 100.0, '30': 50.0, '35': 100.0, '39': 100.0, '42': 100.0, '43': 100.0, '47': 100.0, '51': 100.0, '53': 100.0, '54': 100.0, '56': 50.0, '58': 100.0, '65': 100.0, '68': 100.0, '69': 100.0, '70': 100.0, '74': 100.0, '79': 50.0, '80': 100.0, '93': 100.0, '94': 100.0, '95': 100.0, '99': 100.0, '14': 0.0, '17': 0.0, '50': 0.0, '57': 0.0}, 'aerialsTotal': {'65': 1.0, '54': 1.0}, 'aerialsWon': {'65': 1.0}, 'aerialSuccess': {'54': 0.0}, 'defensiveAerials': {'54': 1.0, '65': 1.0}, 'cornersAccurate': {'79': 1.0}, 'throwInsTotal': {'54': 1.0, '99': 2.0}, 'throwInsAccurate': {'54': 1.0, '99': 2.0}, 'foulsCommited': {'97': 1.0}, 'tacklesTotal': {'27': 1.0, '67': 1.0}, 'tackleSuccessful': {'27': 1.0}, 'tackleUnsuccesful': {'67': 1.0}, 'tackleSuccess': {'27': 100.0, '67': 0.0}, 'dribbledPast': {'67': 1.0}, 'dribblesWon': {'33': 1.0}, 'dribblesAttempted': {'33': 1.0, '14': 1.0}, 'dribblesLost': {'14': 1.0}, 'dribbleSuccess': {'33': 100.0, '14': 0.0}, 'dispossessed': {'33': 1.0}}",,,,,,,167
8,136741,20,Bernardo Silva,AMC,173,65,30,True,False,away,"{'possession': {'12': 1.0, '14': 1.0, '16': 1.0, '17': 3.0, '25': 2.0, '27': 1.0, '30': 1.0, '33': 1.0, '35': 2.0, '37': 1.0, '53': 2.0, '54': 1.0, '56': 2.0, '57': 3.0, '58': 2.0, '62': 3.0, '63': 1.0, '64': 2.0, '68': 1.0, '69': 2.0, '70': 2.0, '74': 1.0, '78': 2.0, '79': 1.0, '81': 1.0, '86': 2.0, '87': 4.0, '88': 1.0, '89': 1.0, '92': 1.0, '94': 2.0, '96': 1.0}, 'ratings': {'0': 6.0, '2': 5.97, '12': 5.97, '14': 5.97, '16': 5.97, '17': 6.73, '25': 6.74, '27': 6.73, '30': 6.73, '33': 6.73, '35': 6.74, '37': 6.73, '39': 6.9, '50': 6.95, '53': 6.95, '54': 6.95, '56': 6.96, '57': 7.05, '58': 7.05, '60': 7.03, '62': 7.04, '63': 7.03, '64': 7.12, '66': 7.17, '68': 7.18, '69': 7.18, '70': 7.19, '74': 7.19, '78': 7.28, '79': 7.28, '81': 7.28, '83': 7.25, '86': 7.26, '87': 7.26, '88': 7.26, '89': 7.39, '92': 7.39, '94': 7.4, '95': 7.38, '96': 7.38, '101': 7.47}, 'shotsTotal': {'7': 1.0, '39': 1.0}, 'shotsOnTarget': {'39': 1.0}, 'shotsBlocked': {'7': 1.0}, 'clearances': {'50': 1.0, '66': 1.0}, 'touches': {'2': 1.0, '7': 1.0, '12': 1.0, '14': 1.0, '16': 1.0, '17': 4.0, '20': 1.0, '25': 2.0, '27': 1.0, '30': 1.0, '33': 1.0, '35': 2.0, '37': 2.0, '39': 2.0, '50': 1.0, '53': 2.0, '54': 1.0, '56': 2.0, '57': 3.0, '58': 2.0, '62': 3.0, '63': 1.0, '64': 3.0, '66': 1.0, '68': 1.0, '69': 2.0, '70': 2.0, '74': 1.0, '78': 2.0, '79': 1.0, '81': 1.0, '86': 2.0, '87': 5.0, '88': 1.0, '89': 1.0, '92': 1.0, '94': 2.0, '96': 1.0, '99': 1.0}, 'passesTotal': {'12': 1.0, '14': 1.0, '16': 1.0, '17': 3.0, '25': 2.0, '30': 1.0, '33': 1.0, '35': 2.0, '37': 1.0, '53': 2.0, '54': 1.0, '56': 2.0, '57': 3.0, '58': 2.0, '62': 3.0, '64': 2.0, '68': 1.0, '69': 2.0, '70': 2.0, '74': 1.0, '78': 2.0, '79': 1.0, '81': 1.0, '86': 2.0, '87': 4.0, '88': 1.0, '89': 1.0, '92': 1.0, '94': 2.0, '96': 1.0, '27': 1.0}, 'passesAccurate': {'12': 1.0, '14': 1.0, '16': 1.0, '17': 3.0, '25': 2.0, '30': 1.0, '33': 1.0, '35': 2.0, '37': 1.0, '53': 2.0, '54': 1.0, '56': 2.0, '57': 3.0, '58': 2.0, '62': 3.0, '64': 2.0, '68': 1.0, '69': 2.0, '70': 2.0, '74': 1.0, '78': 2.0, '79': 1.0, '81': 1.0, '86': 2.0, '87': 3.0, '88': 1.0, '89': 1.0, '92': 1.0, '94': 2.0, '96': 1.0}, 'passesKey': {'17': 1.0, '57': 1.0, '78': 1.0}, 'passSuccess': {'12': 100.0, '14': 100.0, '16': 100.0, '17': 100.0, '25': 100.0, '30': 100.0, '33': 100.0, '35': 100.0, '37': 100.0, '53': 100.0, '54': 100.0, '56': 100.0, '57': 100.0, '58': 100.0, '62': 100.0, '64': 100.0, '68': 100.0, '69': 100.0, '70': 100.0, '74': 100.0, '78': 100.0, '79': 100.0, '81': 100.0, '86': 100.0, '87': 75.0, '88': 100.0, '89': 100.0, '92': 100.0, '94': 100.0, '96': 100.0, '27': 0.0}, 'cornersTotal': {'7': 1.0}, 'throwInsTotal': {'17': 1.0, '87': 1.0}, 'throwInsAccurate': {'17': 1.0, '87': 1.0}, 'foulsCommited': {'60': 1.0, '95': 1.0}, 'tacklesTotal': {'83': 1.0}, 'tackleUnsuccesful': {'83': 1.0}, 'dribbledPast': {'83': 1.0}, 'dribblesAttempted': {'37': 1.0}, 'dribblesLost': {'37': 1.0}, 'dispossessed': {'2': 1.0}}",,,,,,,167
9,397821,26,Savinho,AML,179,66,20,True,False,away,"{'possession': {'2': 2.0, '7': 1.0, '10': 1.0, '13': 1.0, '21': 2.0, '22': 1.0, '29': 1.0, '33': 1.0, '34': 1.0, '36': 2.0, '37': 2.0, '39': 1.0}, 'ratings': {'0': 6.0, '2': 6.0, '7': 6.18, '10': 6.19, '13': 6.15, '15': 6.13, '17': 6.27, '21': 6.36, '22': 6.33, '29': 6.32, '33': 6.32, '34': 6.57, '35': 6.74, '36': 6.9, '37': 6.89, '39': 7.03, '45': 7.12, '50': 7.08, '51': 7.17}, 'touches': {'2': 2.0, '7': 1.0, '10': 1.0, '13': 1.0, '21': 2.0, '22': 2.0, '29': 1.0, '33': 1.0, '34': 2.0, '35': 1.0, '36': 3.0, '37': 2.0, '39': 2.0, '45': 1.0, '50': 1.0}, 'passesTotal': {'2': 1.0, '7': 1.0, '10': 1.0, '21': 2.0, '22': 1.0, '33': 1.0, '34': 1.0, '36': 2.0, '37': 2.0, '39': 1.0, '13': 1.0}, 'passesAccurate': {'2': 1.0, '7': 1.0, '10': 1.0, '21': 2.0, '22': 1.0, '33': 1.0, '34': 1.0, '36': 1.0, '37': 2.0, '39': 1.0}, 'passesKey': {'7': 1.0, '21': 1.0, '34': 1.0}, 'passSuccess': {'2': 100.0, '7': 100.0, '10': 100.0, '21': 100.0, '22': 100.0, '33': 100.0, '34': 100.0, '36': 50.0, '37': 100.0, '39': 100.0, '13': 0.0}, 'aerialsTotal': {'37': 1.0}, 'offensiveAerials': {'37': 1.0}, 'foulsCommited': {'15': 1.0}, 'tacklesTotal': {'39': 1.0, '45': 1.0, '13': 1.0}, 'tackleSuccessful': {'39': 1.0, '45': 1.0}, 'tackleUnsuccesful': {'13': 1.0}, 'tackleSuccess': {'39': 100.0, '45': 100.0, '13': 0.0}, 'dribbledPast': {'13': 1.0}, 'dribblesWon': {'34': 1.0, '35': 1.0, '36': 1.0}, 'dribblesAttempted': {'34': 1.0, '35': 1.0, '36': 1.0}, 'dribbleSuccess': {'34': 100.0, '35': 100.0, '36': 100.0}}",331254.0,"{'value': 2, 'displayName': 'SecondHalf'}",51.0,,,,167
10,315227,9,Erling Haaland,FW,194,88,24,True,False,away,"{'possession': {'0': 1.0, '3': 1.0, '62': 1.0, '78': 1.0, '97': 1.0, '98': 1.0, '99': 1.0, '100': 1.0}, 'ratings': {'0': 5.99, '3': 6.0, '8': 5.99, '17': 7.15, '39': 7.29, '57': 7.45, '59': 7.49, '62': 7.48, '70': 7.43, '71': 7.33, '77': 7.3, '78': 7.29, '89': 7.49, '97': 7.57, '98': 7.57, '99': 7.51, '100': 7.49, '101': 7.54}, 'shotsTotal': {'17': 1.0, '57': 1.0}, 'shotsOnTarget': {'17': 1.0, '57': 1.0}, 'clearances': {'39': 1.0}, 'touches': {'0': 1.0, '3': 1.0, '17': 2.0, '39': 1.0, '57': 1.0, '59': 1.0, '62': 1.0, '70': 1.0, '77': 1.0, '78': 1.0, '97': 1.0, '98': 1.0, '99': 3.0, '100': 1.0}, 'passesTotal': {'3': 1.0, '98': 1.0, '99': 1.0, '0': 1.0, '62': 1.0, '78': 1.0, '97': 1.0, '100': 1.0}, 'passesAccurate': {'3': 1.0, '98': 1.0, '99': 1.0}, 'passSuccess': {'3': 100.0, '98': 100.0, '99': 100.0, '0': 0.0, '62': 0.0, '78': 0.0, '97': 0.0, '100': 0.0}, 'aerialsTotal': {'39': 1.0, '97': 1.0}, 'aerialsWon': {'39': 1.0, '97': 1.0}, 'offensiveAerials': {'97': 1.0}, 'defensiveAerials': {'39': 1.0}, 'foulsCommited': {'8': 1.0, '70': 1.0}, 'dribblesWon': {'17': 1.0}, 'dribblesAttempted': {'17': 1.0}, 'dribbleSuccess': {'17': 100.0}, 'dispossessed': {'70': 1.0, '77': 1.0, '99': 1.0}}",,,,,,,167
11,331254,47,Phil Foden,Sub,171,63,24,,False,away,"{'possession': {'52': 2.0, '56': 2.0, '57': 1.0, '58': 2.0, '59': 2.0, '62': 5.0, '63': 1.0, '68': 2.0, '69': 1.0, '70': 1.0, '72': 1.0, '81': 1.0, '86': 2.0, '87': 2.0, '88': 1.0, '89': 1.0, '94': 1.0}, 'ratings': {'51': 6.0, '52': 6.01, '56': 6.01, '57': 6.01, '58': 6.02, '59': 6.23, '62': 6.23, '63': 6.24, '68': 6.23, '69': 6.23, '70': 6.24, '72': 6.31, '81': 6.31, '86': 6.31, '87': 6.31, '88': 6.31, '89': 6.42, '94': 6.42, '95': 6.5, '96': 6.63, '100': 6.68, '101': 6.72}, 'clearances': {'100': 1.0}, 'interceptions': {'59': 1.0, '96': 1.0}, 'touches': {'52': 2.0, '56': 2.0, '57': 1.0, '58': 2.0, '59': 3.0, '62': 5.0, '63': 1.0, '68': 2.0, '69': 1.0, '70': 1.0, '72': 1.0, '81': 1.0, '86': 2.0, '87': 2.0, '88': 1.0, '89': 1.0, '94': 1.0, '95': 2.0, '96': 2.0, '100': 1.0}, 'passesTotal': {'52': 2.0, '56': 2.0, '57': 1.0, '58': 2.0, '59': 2.0, '62': 5.0, '63': 1.0, '68': 2.0, '69': 1.0, '70': 1.0, '81': 1.0, '86': 2.0, '87': 2.0, '88': 1.0, '89': 1.0, '94': 1.0, '72': 1.0}, 'passesAccurate': {'52': 2.0, '56': 2.0, '57': 1.0, '58': 2.0, '59': 2.0, '62': 4.0, '63': 1.0, '68': 1.0, '69': 1.0, '70': 1.0, '81': 1.0, '86': 2.0, '87': 1.0, '88': 1.0, '89': 1.0, '94': 1.0}, 'passSuccess': {'52': 100.0, '56': 100.0, '57': 100.0, '58': 100.0, '59': 100.0, '62': 80.0, '63': 100.0, '68': 50.0, '69': 100.0, '70': 100.0, '81': 100.0, '86': 100.0, '87': 50.0, '88': 100.0, '89': 100.0, '94': 100.0, '72': 0.0}, 'aerialsTotal': {'72': 1.0}, 'aerialsWon': {'72': 1.0}, 'defensiveAerials': {'72': 1.0}}",,,,"{'value': 2, 'displayName': 'SecondHalf'}",51.0,397821.0,167
12,133569,18,Stefan Ortega,Sub,185,88,31,,False,away,{},,,,,,,167
13,122945,6,Nathan Aké,Sub,180,75,29,,False,away,{},,,,,,,167
14,394933,27,Matheus Nunes,Sub,183,78,26,,False,away,{},,,,,,,167
15,69778,2,Kyle Walker,Sub,183,80,34,,False,away,{},,,,,,,167
16,101374,5,John Stones,Sub,188,80,30,,False,away,{},,,,,,,167
17,113069,10,Jack Grealish,Sub,180,77,29,,False,away,{},,,,,,,167
18,425576,87,James McAtee,Sub,180,0,22,,False,away,{},,,,,,,167
19,468847,75,Nico O'Reilly,Sub,0,0,19,,False,away,{},,,,,,,167
